,price (CLP),rooms,size (m2),address
1,380000,3.0,43.0,"Cardenal Samoré 1395 Departamento,..."
4,420000,3.0,70.0,"Avenida Francia, Valparaíso"
5,400000,3.0,60.0,"Avenida Cardenal Samoré, Curauma, ..."
6,490000,1.0,37.0,"Edmundo Eluchans, Costas De Montem..."
7,500000,3.0,77.0,"Los Pinos, Valparaíso"
8,580000,3.0,80.0,"San Luis, Cerro Placeres, Valparaí..."
9,400000,2.0,56.0,"Ibsen, Valparaíso"
10,480000,3.0,68.0,"Avenida Lomas De La Luz, Curauma, ..."
11,600000,3.0,77.0,"Río Imperial, Montemar, Concón"
12,350000,3.0,35.0,"Lago Zenteno, Reñaca Alto, Viña De..."
13,270000,1.0,40.0,"Calle Isla De Pascua, Valparaíso"
14,548000,2.0,48.0,"Avenida Costa De Montemar, Costas ..."
15,900000,3.0,93.0,"Los Prunos, Montemar, Concón"
16,270000,2.0,45.0,"Almirante Gomez Carreño, Belloto C..."
18,500000,3.0,75.0,"Hontaneda, Cerro El Litre, Valpara..."
21,500000,2.0,57.0,"P Mackenna 1635, Forestal, Viña De..."
23,400000,1.0,40.0,"Calle Abedules 1789, Montemar, Con..."
24,600000,2.0,66.0,"Arenales 156, Costas De Montemar, ..."
25,297000,1.0,32.0,"Avenida Argentina 520, Los Andes, ..."
26,450000,1.0,40.0,"Av. Costa De Montemar 394, 2511524..."
27,400000,1.0,30.0,"Toro Herrera 307, Recreo, Viña Del..."
28,710000,3.0,88.0,"(mgg) Agua Santa 3d2b, Agua Santa,..."
29,650000,3.0,92.0,"Vergara / Playa Negra, Concón, Los..."
30,650000,2.0,63.0,"Arenales 196, Costas De Montemar, ..."
32,500000,1.0,48.0,"Gral. Bulnes 215, Reñaca, Viña Del..."
34,550000,2.0,64.0,"Arenales 540, Concón, Chile, Costa..."
35,550000,3.0,63.0,"Los Almendros De Reñaca, Valparaíso"
36,315000,1.0,33.0,"Avenida Argentina 520, Los Andes, ..."
37,900000,3.0,82.0,"Los Olivillos, Concón, Chile, Mont..."
38,650000,2.0,66.0,"Gral. Bulnes 215, Reñaca, Viña Del..."
41,550000,2.0,57.0,"P Mackenna 1635, Forestal, Viña De..."
42,550000,2.0,57.0,"P Mackenna 1635, Forestal, Viña De..."
44,430000,2.0,46.0,"Avenida Argentina 520, Los Andes, ..."
46,440000,3.0,65.0,"Hanga Roa 505, Valparaíso, Chile, ..."
47,470000,3.0,80.0,"A Pasos De Mirador Pablo Neruda!, ..."
48,550000,2.0,57.0,"P Mackenna 1635, Forestal, Viña De..."
50,430000,2.0,46.0,"Avenida Argentina 520, Los Andes, ..."
52,440000,3.0,65.0,"Hanga Roa 505, Valparaíso, Chile, ..."
53,470000,3.0,80.0,"A Pasos De Mirador Pablo Neruda!, ..."
54,700000,1.0,48.0,"Las Perlas Norte 125, Viña Del Mar..."
55,460000,2.0,68.0,"Av. Dr. Gregorio Marañon, Viña Del..."
56,550000,3.0,70.0,"Sol Y Mar 530, Viña Del Mar, Chile..."
57,550000,2.0,70.0,"Talasia 359, Viña Del Mar, Chile, ..."
58,350000,3.0,52.0,"Condominio Jardín Suizo 1, Valpara..."
59,500000,2.0,59.0,"Avenida Jardines De Reñaca 50, Viñ..."
60,600000,2.0,70.0,"Bellavista 1200 - 1500, Viña Del M..."
62,780000,4.0,86.0,"Altamirano 1419, Valparaíso, Chile..."
63,850000,3.0,94.0,"Avenida Gastón Hamel Nieto 355, Vi..."
64,680000,2.0,54.0,"Sa Matin Sn, Libertad, Viña Del Mar"
65,580000,3.0,79.0,"Padre Hurtado 1 - 300, Viña Del Ma..."
67,550000,2.0,41.0,"21 Norte 1429, Viña Del Mar, Chile..."
68,650000,3.0,80.0,"Avenida Jardines De Reñaca 50, Viñ..."
69,490000,1.0,40.0,"Costa Montemar 287, Costas De Mont..."
72,330000,2.0,55.0,"Lago Las Torres 228, Los Pinos, Qu..."
73,550000,3.0,82.0,"Los Pinos 937, Valparaíso, Chile, ..."
74,400000,3.0,60.0,"Los Ciruelos 415, Centro De Quillo..."
76,580000,2.0,59.0,"Los Abedules 1200 - 1500, Concón, ..."
77,740000,2.0,72.0,"Avenida Edmundo Eluchans, Viña Del..."
78,800000,3.0,80.0,"Av. Borgoño 20400 - 20700, Concón,..."
79,695000,2.0,73.0,"Entrelomas 600 - 900, Concón, Chil..."
83,700000,2.0,74.0,"Entrelomas 1 - 300, Concón, Chile,..."
84,600000,2.0,55.0,"Las Pelargonias 1045, Valparaiso, ..."
85,550000,2.0,60.0,"Ignacio Carrera Pinto 0376, Villa ..."
86,420000,2.0,50.0,Condominio Jardín Reñaca - Viña De...
87,550000,2.0,65.0,"Balmaceda 1800 - 2100, Viña Del Ma..."
89,530000,2.0,50.0,"Ocoa, Chorrillos, Viña Del Mar"
90,600000,2.0,76.0,"Reñaca Norte, Reñaca, Viña Del Mar"
91,380000,1.0,32.0,Departamento Nuevo A Pasos De Cana...
92,400000,3.0,90.0,"Lago Zenteno, Reñaca Alto, Viña De..."
93,400000,1.0,35.0,"Von Schroeder 1 - 300, Viña Del Ma..."
95,450000,2.0,45.0,"Padre Rene Pienovi 965, Viña Del M..."
96,600000,2.0,76.0,"Reñaca Norte, Reñaca, Viña Del Mar"
97,380000,1.0,32.0,Departamento Nuevo A Pasos De Cana...
98,400000,3.0,90.0,"Lago Zenteno, Reñaca Alto, Viña De..."
99,400000,1.0,35.0,"Von Schroeder 1 - 300, Viña Del Ma..."
101,450000,2.0,45.0,"Padre Rene Pienovi 965, Viña Del M..."
102,500000,3.0,80.0,"Departamento En Recreo Alto, Agua ..."
103,730000,3.0,92.0,"Viña Del Mar, Reñaca, Viña Del Mar"
104,600000,3.0,89.0,"General Prieto 300 - 600, Valparaí..."
105,530000,2.0,59.0,"Av. Concon Reñaca 4357, Costas De ..."
106,290000,1.0,35.0,"Cerro Polanco, Cerro Larraín - Pol..."
107,530000,2.0,68.0,"Riveros 1 - 300, Viña Del Mar, Chi..."
109,690000,2.0,60.0,Avenida Edmundo Eluchans 2100 - 24...
111,460000,3.0,72.0,"Amplio Departamento En Arriendo, C..."
112,560000,3.0,85.0,"Irene Morales 300 - 600, Valparaís..."
113,400000,2.0,63.0,"Paso Hondo, Viña Del Mar"
116,300000,1.0,60.0,"Julio Zegers 283, Valparaíso, Chil..."
117,460000,3.0,61.0,"Glaciar Grey 2000, Colinas De Oro,..."
118,400000,2.0,52.0,"Departamento Nuevo, En Peñablanca,..."
120,770000,2.0,64.0,"De La Luna - Calle De La Luna 115,..."
121,400000,2.0,60.0,"Los Pinos 937, Valparaíso, Valpara..."
122,650000,2.0,65.0,"Bellavista 1497, Viña Del Mar, Chi..."
123,580000,1.0,57.0,"Avenida Edmundo Eluchans 2805, Viñ..."
124,390000,2.0,45.0,"Placeres, Cerro Placeres, Valparaí..."
125,300000,3.0,55.0,"Parque Acuatico, Viña Del Mar, Val..."
126,850000,3.0,83.0,"Av. Concón Reñaca 4000, Concón, Ch..."
127,350000,1.0,35.0,"Solingen 1 - 300, Valparaíso, Chil..."
128,330000,1.0,23.0,"Bremen 290, Viña Del Mar, Cerro Pl..."
129,650000,2.0,60.0,Avenida Costa De Montemar 300 - 60...
130,480000,2.0,41.0,"Central, Montemar, Concón"
131,530000,3.0,70.0,"Av. Curauma Sur 900 - 1200, Valpar..."
132,580000,2.0,55.0,"Salvador Vergara 1 - 300, Viña Del..."
137,550000,2.0,55.0,"Navío San Martín 365, Valparaíso, ..."
138,440000,1.0,30.0,"Viana 433, Viña Del Mar, Chile, Ce..."
139,450000,3.0,65.0,"Cardenal Samore 2125, Placilla Val..."
140,470000,2.0,72.0,"Cerro Merced, Valparaíso"
143,400000,1.0,12.0,"Loft En Recreo, Gastos Básicos Inc..."
144,440000,1.0,30.0,"Viana 433, Viña Del Mar, Chile, Ce..."
145,450000,3.0,65.0,"Cardenal Samore 2125, Placilla Val..."
146,470000,2.0,72.0,"Cerro Merced, Valparaíso"
149,400000,1.0,12.0,"Loft En Recreo, Gastos Básicos Inc..."
150,450000,3.0,58.0,Parque Kenrick Cerro Las Delicias ...
151,750000,2.0,65.0,Avenida Edmundo Eluchans 2400 - 27...
154,600000,2.0,53.0,(fer11587) Arrienda Departamento C...
155,550000,2.0,90.0,"Centro Valparaíso, Sector Puerto, ..."
156,420000,3.0,60.0,"Condominio Las Ochogavias 2, Valpa..."
157,460000,3.0,61.0,"Glaciar Grey, Colinas De Oro, Quil..."
158,450000,1.0,32.0,"Se Arrienda Departamento Nuevo, Qu..."
159,400000,2.0,44.0,"Sector Marga Marga, Los Pinos, Qui..."
161,460000,3.0,61.0,"Glaciar Grey, Colinas De Oro, Quil..."
162,460000,3.0,61.0,"Glaciar Grey, Colinas De Oro, Quil..."
163,460000,3.0,61.0,"Glaciar Grey, Colinas De Oro, Quil..."
164,460000,3.0,61.0,"Glaciar Grey, Colinas De Oro, Quil..."
165,460000,3.0,67.0,"Glaciar Grey, Colinas De Oro, Quil..."
166,600000,2.0,62.0,"Viana, Centro De Viña Del Mar, Viñ..."
167,650000,2.0,55.0,"Costas De Montemar, Concón"
169,450000,2.0,55.0,(krm)departamento En Condominio Pa...
170,370000,2.0,44.0,"Camino Troncal 2300, Peñablanca, V..."
171,630000,2.0,60.0,"Estadio Español, Reñaca, Viña Del ..."
172,600000,3.0,70.0,"Av. Parque Norte 350 Edificio Mar,..."
173,300000,3.0,50.0,"Los Alelies, Reñaca Alto, Viña Del..."
175,395000,3.0,62.0,"Condominio Parque Las Encinas, Cer..."
176,550000,2.0,0.0,"Viana 1285, Centro De Viña Del Mar..."
177,420000,3.0,69.0,Condominio Laffitte - Prat 300 - 6...
178,650000,2.0,50.0,"Reñaca Norte, Reñaca, Viña Del Mar"
179,730000,2.0,66.0,"Arenales, Concón, Chile, Costas De..."
181,550000,2.0,54.0,"Costa De Montemar, Costas De Monte..."
183,450000,1.0,31.0,"Departamento 1 Dormitorio Concón, ..."
184,550000,2.0,53.0,Moderno Departamento Villa Dulce E...
185,460000,2.0,50.0,"Jardines De Paso Hondo, Quilpué"
186,500000,3.0,51.0,"Copérnico 226, Valparaíso, Chile, ..."
187,420000,1.0,42.0,"Navío San Martín 315, Valparaíso, ..."
188,600000,3.0,63.0,Totalmente Equipado Con Inmejorabl...
189,350000,2.0,30.0,"Olmue Club, Centro De Olmué, Olmué"
190,490000,3.0,65.0,"Curauma Sur 1021, Curauma, Valpara..."
191,580000,1.0,57.0,"Avenida Edmundo Eluchans 2805, Viñ..."
192,500000,3.0,51.0,"Copérnico 226, Valparaíso, Chile, ..."
193,420000,1.0,42.0,"Navío San Martín 315, Valparaíso, ..."
194,600000,3.0,63.0,Totalmente Equipado Con Inmejorabl...
195,350000,2.0,30.0,"Olmue Club, Centro De Olmué, Olmué"
196,490000,3.0,65.0,"Curauma Sur 1021, Curauma, Valpara..."
197,580000,1.0,57.0,"Avenida Edmundo Eluchans 2805, Viñ..."
198,460000,2.0,54.0,"Gregorio Marañon, Viña Del Mar, Ch..."
199,400000,1.0,36.0,(fer11592) Se Arrienda Hermoso Dep...
200,400000,3.0,55.0,"Lagos Janosa, Troncos Viejos, Vill..."
201,600000,3.0,68.0,"Departamento En Playa Ancha, Las T..."
202,590000,2.0,73.0,"Cerro Merced, Valparaíso"
203,730000,2.0,55.0,"Costa De Montemar, Costas De Monte..."
204,360000,3.0,51.0,"Yungay, Centro De Quillota, Quillo..."
205,500000,3.0,55.0,"German Riesco 2175, Valparaíso, Ch..."
206,530000,2.0,64.0,"Valparaíso, Chile, Almendral, Valp..."
207,400000,3.0,54.0,"José Tomás Ramos 900 - 1200, Valpa..."
208,580000,1.0,45.0,"Diecinueve De Junio, Viña Del Mar,..."
209,440000,1.0,45.0,"Los Peumos 525, Los Romeros - Los ..."
210,470000,3.0,72.0,Avenida José Tomás De Urmeneta 110...
211,590000,2.0,93.0,"Cerro Merced, Valparaíso"
212,700000,2.0,67.0,"Av. Costa De Montemar 287, Concón,..."
213,850000,3.0,95.0,"Francisco Soza 740, Montemar, Conc..."
214,480000,3.0,65.0,"Departamento Amoblado En Quilpué, ..."
215,390000,3.0,52.0,Arriendo Departamento Los Pinos //...
216,390000,3.0,52.0,Arriendo Departamento Los Pinos //...
217,390000,1.0,30.0,"Avenida San Martín 605, Viña Del M..."
219,500000,2.0,68.0,"6 - 1/2 Oriente 1 - 300, Viña Del ..."
220,380000,2.0,43.0,Se Arrienda Depto 2d 1b 1e Villa D...
221,360000,1.0,25.0,Amoblado Año Corrido Reñaca Jardin...
222,380000,1.0,32.0,"(mvr) Edificio Altavista Iii, Agua..."
223,550000,2.0,43.0,"Arriendo Depto Viña Centro, Libert..."
224,495000,3.0,75.0,"Rodriguez, Almendral, Valparaíso"
226,810000,2.0,85.0,"Sector Costa De Montemar, Concón.,..."
229,380000,1.0,28.0,Departamento En Arriendo De 1 Dorm...
231,600000,3.0,85.0,"Agua Santa 300 - 600, Viña Del Mar..."
232,380000,1.0,45.0,"Avenida San Martín 575, Viña Del M..."
233,470000,2.0,75.0,"Ecuador 326, Viña Del Mar, Chile, ..."
234,560000,3.0,80.0,"Avenida San Martín 459, Viña Del M..."
235,410000,2.0,50.0,"Avenida San Martín 575, Viña Del M..."
236,350000,2.0,45.0,"Tolson 1 - 300, Valparaíso, Chile,..."
237,540000,2.0,67.0,"Avenida Edmundo Eluchans, Viña Del..."
238,450000,2.0,50.0,"Arriendo Marzo-diciembre, Amoblado..."
239,500000,2.0,32.0,Departamento A Pasos Del Rodoviari...
240,560000,3.0,80.0,"Avenida San Martín 459, Viña Del M..."
241,410000,2.0,50.0,"Avenida San Martín 575, Viña Del M..."
242,350000,2.0,45.0,"Tolson 1 - 300, Valparaíso, Chile,..."
243,540000,2.0,67.0,"Avenida Edmundo Eluchans, Viña Del..."
244,450000,2.0,50.0,"Arriendo Marzo-diciembre, Amoblado..."
245,500000,2.0,32.0,Departamento A Pasos Del Rodoviari...
246,320000,1.0,45.0,Departamento Frente A Playa Las To...
247,650000,3.0,80.0,"Álvarez 32, Viña Del Mar, Chile, A..."
248,570000,2.0,60.0,"3 Poniente 300 - 600, Viña Del Mar..."
250,425000,2.0,42.0,"Hontaneda 735, Valparaíso, Chile, ..."
251,550000,3.0,85.0,"Pacífico Gomez Carreño  5173, Góme..."
252,650000,3.0,90.0,"De Veer, Centro De Quilpué, Quilpué"
253,620000,2.0,60.0,"Amunátegui 2400 - 2700, Viña Del M..."
254,360000,2.0,50.0,"Alto Marga Marga, Quilpué, Los Pin..."
256,380000,2.0,1.0,"Av. Los Carrera 01150, 2421149 Qui..."
257,425000,2.0,63.0,"Valparaiso, Cerro Yungay, Valparaí..."
258,390000,1.0,30.0,"Avenida San Martin 605, Viña Del M..."
259,690000,3.0,75.0,"Reñaca Norte 145, Reñaca, Viña Del..."
260,900000,3.0,88.0,"7 Norte, Libertad, Viña Del Mar"
261,479990,2.0,65.0,"Padre Rene Pienovi 965, Agua Santa..."
263,350000,2.0,45.0,"Estero Maitenlahue 922, Viña Del M..."
264,450000,3.0,70.0,"Isla Picton 280, Canal Beagle, Viñ..."
267,550000,3.0,81.0,"Mall Quilpue, Centro De Quilpué, Q..."
268,390000,3.0,55.0,"Lomas Del Bosque 105, Valparaíso, ..."
269,750000,2.0,90.0,"Gaston Hammel Nieto - Los Mirlos, ..."
270,520000,2.0,65.0,"Las Pimpinelas 600 - 900, Valparaí..."
271,950000,3.0,90.0,Avenida Edmundo Eluchans 2100 - 24...
272,420000,3.0,57.0,Arriendo Hermoso Departamento Nuev...
273,490000,2.0,53.0,"Isla Melinka 220, Viña Del Mar, Ch..."
274,630000,3.0,94.0,"Departamento Amplio, 3 Dormitorios..."
277,350000,2.0,50.0,"Ibsen 568, Valparaíso, Chile, Valp..."
278,500000,1.0,36.0,"P Mackenna 462, Viña Del Mar, Chil..."
280,600000,2.0,65.0,"1 Poniente, Libertad, Viña Del Mar"
282,700000,3.0,80.0,"Montemar, Concón"
283,390000,2.0,40.0,"Camino Troncal 2300, Peñablanca, V..."
284,420000,2.0,10.0,Alejandro Navarrete - Pje Veintiun...
286,520000,2.0,75.0,"El Bosque 1200 - 1500, Valparaíso,..."
287,390000,3.0,57.0,"Arriendo Cómodo Departamento,  Pla..."
288,700000,3.0,80.0,"Montemar, Concón"
289,390000,2.0,40.0,"Camino Troncal 2300, Peñablanca, V..."
290,420000,2.0,10.0,Alejandro Navarrete - Pje Veintiun...
292,520000,2.0,75.0,"El Bosque 1200 - 1500, Valparaíso,..."
293,390000,3.0,57.0,"Arriendo Cómodo Departamento,  Pla..."
295,450000,2.0,60.0,"Francisco Sosa Cousiño 600 - 900, ..."
297,700000,3.0,90.0,"Álvarez, Viña Del Mar, Chile, Viña..."
298,750000,3.0,73.0,Arriendo Con Conpromiso De Conprav...
299,400000,2.0,64.0,"Av Chile, Viña Del Mar"
300,640000,3.0,69.0,"Arrienda Departamento Concon, Mont..."
301,800000,3.0,69.0,"Entrelomas 110, Concón, Chile, Cos..."
302,190000,1.0,15.0,"Pasaje 43-gomez Carreño, Reñaca, V..."
303,590000,2.0,52.0,"Entrelomas, Costas De Montemar, Co..."
305,570000,2.0,55.0,"Von Schroeders Al Sur De Álvarez, ..."
307,530000,3.0,73.0,"Av Lomas De La Luz, Curauma, Valpa..."
308,560000,3.0,85.0,"Avenida San Martin 459, Viña Del M..."
309,490000,2.0,62.0,"Paula Jaraquemada 580, Valparaíso,..."
312,550000,1.0,45.0,"4 Norte 1093, Viña Del Mar, Chile,..."
313,450000,3.0,79.0,"Avenida Cardenal Samoré 1246, Plac..."
314,750000,3.0,75.0,Ruta F 30-e Condominio Mantagua 12...
315,480000,2.0,75.0,"Marga Marga, Quilpué, Limache"
316,560000,3.0,80.0,"Doris Martínez, Quilpué, Chile, El..."
317,1150000,3.0,97.0,"Ponientes, Viña Del Mar, Libertad,..."
320,580000,2.0,53.0,"Entre Lomas, Costas De Montemar, C..."
321,750000,2.0,82.0,"Las Golondrinas Y Los Mirlos, Reña..."
322,750000,3.0,80.0,"Av. Borgoño Y Los Lilenes, Costas ..."
323,620000,2.0,60.0,"Entre Lomas, Costas De Montemar, C..."
324,650000,2.0,60.0,Francisco Sosa Cousiño Y Los Pruno...
325,470000,2.0,65.0,"Condominio Parque Mar, Balneario E..."
326,650000,2.0,1.0,"Isidoro Dubournais, El Quisco Cent..."
327,470000,2.0,65.0,"Condominio Parque Mar, Balneario E..."
328,690000,2.0,60.0,"Bellavista 910, Viña Del Mar, Chil..."
329,980000,3.0,80.0,"Costa Montemar, Concón, Viña Del M..."
331,630000,2.0,60.0,"Entrelomas 1 - 300, Concón, Chile,..."
333,350000,2.0,45.0,"Av. Jorge Kenrick, Valparaíso"
334,700000,1.0,42.0,Avenida Edmundo Eluchans 2700 - 30...
337,630000,2.0,60.0,"Entrelomas 1 - 300, Concón, Chile,..."
339,350000,2.0,45.0,"Av. Jorge Kenrick, Valparaíso"
340,700000,1.0,42.0,Avenida Edmundo Eluchans 2700 - 30...
342,350000,1.0,35.0,"Subida Torpederas 40, Playa Ancha,..."
343,350000,1.0,34.0,"Las Rosas 1 - 300, Quilpué, Chile,..."
344,650000,2.0,63.0,"Costa De Montemar Playa, Costas De..."
345,430000,3.0,80.0,"Casas De Valencia, Casas De Valenc..."
346,500000,3.0,60.0,"Calle Marga Marga, Los Pinos, Quil..."
347,310000,1.0,35.0,"Tolson 1 - 300, Valparaíso, Chile,..."
348,500000,3.0,60.0,"Condominio Parque Mar, El Tabo, Ba..."
349,850000,3.0,64.0,"Los Mirlos, Reñaca, Viña Del Mar"
350,400000,2.0,46.0,"Departamento En Parque Inglés, Val..."
352,480000,3.0,72.0,"Navío San Martín 345, Valparaíso, ..."
353,500000,1.0,57.0,"Costa De Montemar, Costas De Monte..."
354,600000,2.0,65.0,"Avenida Con Con, Concón"
355,390000,1.0,52.0,"Las Encinas 1160, Los Romeros - Lo..."
356,490000,2.0,60.0,"Sendero Sur 1 - 300, Viña Del Mar,..."
357,980000,3.0,96.0,"Av. Blanca Estela 2207, Concón, Va..."
358,800000,3.0,90.0,De La Luna - Calle De La Luna 1 - ...
359,420000,3.0,54.0,"Lago Zenteno Con Lomas Del Bosque,..."
360,395000,2.0,80.0,"Avenida Los Carrera 948, Quilpué, ..."
361,450000,2.0,75.0,"Eduardo Titus , 410, Viña Del Mar"
362,450000,1.0,54.0,"Playa Los Lilenes, Costas De Monte..."
363,490000,2.0,65.0,"Subida Torpederas 1 - 300, Valpara..."
366,450000,3.0,70.0,"Cumbres De Curauma, Curauma, Valpa..."
369,740000,2.0,90.0,"Edmundo Eluchans, Reñaca, Viña Del..."
370,950000,3.0,85.0,"Av Edmundo Eluchans, Viña Del Mar,..."
371,630000,3.0,4.0,Avenida José Manuel Balmaceda 600 ...
372,530000,3.0,75.0,"Villa Dulce, Viña Del Mar, Chile, ..."
373,650000,2.0,56.0,"Avda. Concón Reñaca, Costas De Mon..."
374,400000,2.0,38.0,"Almendral, Valparaíso"
376,350000,1.0,37.0,"Bremen , 290, Valparaíso"
377,430000,2.0,60.0,"Los Pinos 900 - 1200, Valparaíso, ..."
378,450000,3.0,55.0,"Las Acacias 30, Peñablanca, Villa ..."
380,630000,2.0,60.0,"Petalonia 300 - 600, Viña Del Mar,..."
381,390000,2.0,60.0,"Lago Zenteno, Reñaca Alto, Viña De..."
382,450000,3.0,80.0,"Castilla 1 - 300, Viña Del Mar, Ch..."
384,450000,3.0,55.0,"Las Acacias 30, Peñablanca, Villa ..."
386,630000,2.0,60.0,"Petalonia 300 - 600, Viña Del Mar,..."
387,390000,2.0,60.0,"Lago Zenteno, Reñaca Alto, Viña De..."
388,450000,3.0,80.0,"Castilla 1 - 300, Viña Del Mar, Ch..."
392,380000,1.0,33.0,"Viana 900 - 1200, Viña Del Mar, Ch..."
393,420000,3.0,56.0,"Lago Zenteno Con Lomas Del Bosque,..."
395,350000,2.0,50.0,"Molinos De Santa Ana, Huanhuali, V..."
397,450000,1.0,45.0,"Limache 1270, Centro De Viña Del M..."
398,550000,3.0,80.0,"Cerro Placeres, Cerro Placeres, Va..."
399,450000,3.0,57.0,"Hanga Roa 505, Valparaíso, Chile, ..."
401,420000,3.0,62.0,"Las Acacias, Villa Alemana, Chile,..."
402,650000,2.0,56.0,"Las Cinerarias 300 - 600, Concón, ..."
403,500000,2.0,60.0,"Arenales 300 - 600, Concón, Chile,..."
404,350000,3.0,50.0,"Rio Andalien  1421, Troncos Viejos..."
405,580000,2.0,57.0,"Entrelomas, Costas De Montemar, Co..."
406,680000,2.0,75.0,"Avenida Las Pimpinelas  Sn, Higuer..."
407,350000,3.0,65.0,"Los Aromos 771, Villa Alemana, Chi..."
408,350000,2.0,45.0,"Lago Las Torres, Quilpué, Valparaí..."
409,500000,3.0,58.0,Arriendo Hermoso Y Comodo Depto En...
410,420000,3.0,62.0,"Buenos Aires, Cerro Florida, Valpa..."
411,520000,3.0,65.0,"Altamirano 1200 - 1500, Valparaíso..."
412,450000,2.0,60.0,"Cumming 399, Centro De Villa Alema..."
413,580000,2.0,51.0,"Entrelomas 365, Costas De Montemar..."
414,600000,2.0,54.0,"Avenida Costa De Montemar 546, Con..."
415,600000,2.0,68.0,"Arenales 196, Costas De Montemar, ..."
416,520000,3.0,70.0,"Valle Los Ingleses 2, Barrio Inglé..."
417,620000,2.0,75.0,Depto 2 Dormitorios Amoblado En Ar...
418,400000,2.0,48.0,"Frankfurt, Cerro Los Placeres 1134..."
419,850000,2.0,85.0,"Calle Del Sol, Costas De Montemar,..."
421,380000,2.0,54.0,"Cómodo, Luminoso, Vista Despejada,..."
423,335000,1.0,40.0,"Arriendo Departamento Año Corrido,..."
424,430000,3.0,62.0,"Condominio 7 Hermanas, Viña Del Mar"
425,400000,1.0,36.0,Departamento A Pies De Cerro Place...
426,410000,2.0,1.0,"San Guillermo, Cerro Placeres, Val..."
427,575000,2.0,56.0,"Arenales 196, Costas De Montemar, ..."
428,430000,2.0,55.0,"Camino Troncal 2300, Villa Alemana..."
430,700000,2.0,80.0,"Av Marina 620, Punta Puyai, Papudo"
431,500000,3.0,70.0,Arriendo Hermoso Dpto Familiar Alg...
432,410000,2.0,1.0,"San Guillermo, Cerro Placeres, Val..."
433,575000,2.0,56.0,"Arenales 196, Costas De Montemar, ..."
434,430000,2.0,55.0,"Camino Troncal 2300, Villa Alemana..."
436,700000,2.0,80.0,"Av Marina 620, Punta Puyai, Papudo"
437,500000,3.0,70.0,Arriendo Hermoso Dpto Familiar Alg...
438,500000,1.0,38.0,Avenida Costa De Montemar 300 - 60...
439,600000,2.0,63.0,Departamento En Arriendo Sta Ines ...
440,800000,3.0,90.0,"San Martin 1080, Libertad, Viña De..."
441,340000,1.0,33.0,"Bremen 290, Cerro Placeres, Valpar..."
443,380000,3.0,64.0,"Los Aromos 600 - 900, Villa Aleman..."
444,620000,2.0,55.0,"Maroto 900 - 1200, Concón, Chile, ..."
445,300000,1.0,18.0,"Cerro Placeres, Valparaíso"
447,420000,2.0,52.0,"Navío San Martín, Valparaíso"
448,500000,2.0,50.0,"Cerro Barón, Valparaíso, Chile, Ce..."
450,450000,2.0,50.0,Edificio Mirador - Navío San Martí...
451,690000,2.0,65.0,"Reñaca, Libertad, Viña Del Mar"
452,280000,2.0,56.0,"Pasaje Esmeralda, Villa Alemana, C..."
453,550000,2.0,75.0,"Las Torpederas, Playa Ancha, Valpa..."
454,1100000,2.0,73.0,"Avenida Borgoño 19700, Concón, Chi..."
456,450000,2.0,55.0,"Pedro Montt 900 - 1200, Marga Marg..."
457,700000,3.0,85.0,"Álvarez 402, Viña Del Mar, Chile, ..."
458,400000,3.0,68.0,Cercano Supermercado Acuenta Reñac...
459,420000,3.0,70.0,"Irma Johnson Molina 752, Quilpué, ..."
461,440000,2.0,50.0,"Camino Troncal 2300, Villa Alemana..."
462,700000,3.0,56.0,"Condominio Vista Aconcagua, Los An..."
464,500000,1.0,47.0,"Reñaca Norte 265, Concón, Viña Del..."
465,470000,3.0,75.0,"Villa Alemana, Centro De Villa Ale..."
466,470000,2.0,50.0,"Colegio Mackay, Reñaca, Viña Del M..."
469,800000,3.0,80.0,"Avenida José Manuel Balmaceda, Viñ..."
471,610000,3.0,80.0,"Los Abedules Y San Juan, Montemar,..."
474,460000,3.0,61.0,"Reñaca Alto, Viña Del Mar"
476,580000,3.0,70.0,"Las Encinas 1160, Los Romeros - Lo..."
477,450000,2.0,50.0,"Camino Troncal 2300, Villa Alemana..."
478,345000,1.0,3.0,"Von Schroeder 229, Viña Del Mar, C..."
480,460000,3.0,61.0,"Reñaca Alto, Viña Del Mar"
482,580000,3.0,70.0,"Las Encinas 1160, Los Romeros - Lo..."
483,450000,2.0,50.0,"Camino Troncal 2300, Villa Alemana..."
484,345000,1.0,3.0,"Von Schroeder 229, Viña Del Mar, C..."
486,680000,2.0,70.0,"Cerca De Av. Costa De Montemar, Co..."
487,360000,2.0,50.0,"Avenida Porvenir 1211, Villa Alema..."
488,500000,3.0,62.0,"Camino Del Sol 800, Quilpué, Chile..."
490,515000,3.0,90.0,Departamento En Plan De Valparaíso...
491,460000,3.0,85.0,Arriendo Dpto En Ignacio Carrera P...
492,750000,3.0,85.0,"Los Sargazos 240, Viña Del Mar, Ch..."
493,645000,2.0,64.0,"San Fernando 46, Concón, Chile, Mo..."
494,550000,2.0,63.0,"Avenida Borgoño 20500, Concón, Val..."
495,750000,2.0,60.0,"Cochoa, Reñaca, Viña Del Mar"
496,700000,3.0,75.0,"Ruta F30 - E Mantagua 12010, Manta..."
497,810000,3.0,89.0,"Barrio Golf, Rocas De Santo Doming..."
498,450000,2.0,55.0,"Camino Troncal 2300, Villa Alemana..."
499,400000,2.0,50.0,"Camino Troncal 2300, Villa Alemana..."
500,610000,3.0,83.0,"Vicuña Mackenna 170, Viña Del Mar,..."
501,680000,2.0,68.0,"Calle Cornisa, Costas De Montemar,..."
503,480000,1.0,50.0,"Costas De Montemar, Costas De Mont..."
504,650000,2.0,50.0,"Arenales 1 - 300, Concón, Chile, C..."
505,620000,2.0,86.0,"Costa Montemar Concón, Costas De M..."
506,430000,1.0,39.0,"Las Encinas 1195, Los Romeros - Lo..."
507,430000,3.0,54.0,"Las Acacias 1441, Peñablanca, Vill..."
508,485000,2.0,66.0,"Las Encinas 1160, Los Romeros - Lo..."
509,430000,2.0,68.0,"Cerro Placeres, Cerro Placeres, Va..."
510,429000,1.0,36.0,"9 Norte 900 - 1200, Viña Del Mar, ..."
511,390000,3.0,57.0,"Chacabuco 960, Centro De Quillota,..."
512,480000,2.0,65.0,"Camino Los Ingleses, Valparaíso, C..."
513,420000,2.0,43.0,"Jorgue Kenrick, Valparaíso"
514,420000,2.0,50.0,"Camino Troncal 2300, Villa Alemana..."
515,410000,2.0,50.0,"Camino Troncal 2300, Villa Alemana..."
516,470000,2.0,54.0,"Quillota, Chile, Centro De Quillot..."
517,430000,1.0,40.0,"Reñaca Norte, Concón, Chile, Reñac..."
518,510000,2.0,60.0,"Cerro Placeres, Valparaíso"
519,330000,2.0,50.0,Presidente Gabriel González Videla...
521,580000,2.0,65.0,"Reñaca Alto, Viña Del Mar"
522,350000,1.0,54.0,Crisol Arrienda Depto 1 Dorm. Año ...
523,370000,2.0,51.0,"Pasaje Porvenir 1255, Villa Aleman..."
524,680000,2.0,58.0,"Entrelomas, Concón, Chile, Costas ..."
525,400000,3.0,50.0,"Villa Dulce, Viña Del Mar"
526,450000,2.0,40.0,"Central 600 - 900, Concón, Chile, ..."
527,440000,3.0,55.0,"Penablanca, Villa Alemana, Chile, ..."
528,350000,1.0,54.0,Crisol Arrienda Depto 1 Dorm. Año ...
529,370000,2.0,51.0,"Pasaje Porvenir 1255, Villa Aleman..."
530,680000,2.0,58.0,"Entrelomas, Concón, Chile, Costas ..."
531,400000,3.0,50.0,"Villa Dulce, Viña Del Mar"
532,450000,2.0,40.0,"Central 600 - 900, Concón, Chile, ..."
533,440000,3.0,55.0,"Penablanca, Villa Alemana, Chile, ..."
534,540000,2.0,70.0,"Buenos Aires 600 - 900, Quilpué, C..."
535,810000,2.0,64.0,Departamento Amoblado 2 Dormitorio...
536,280000,2.0,45.0,"Rafael Fabres, Estación Las Améric..."
537,430000,3.0,73.0,"Los Pinos, Quilpué, Chile, Preside..."
539,450000,1.0,40.0,Arriendo Dpto Amoblado En Concón D...
541,470000,1.0,34.0,"3 Norte 900 - 1200, Viña Del Mar, ..."
542,650000,2.0,60.0,"Entrelomas 110, Concón, Chile, Cos..."
543,570000,2.0,55.0,"Centro De Viña Del Mar, Viña Del M..."
544,420000,3.0,60.0,"Los Pinos, Quilpué"
546,430000,1.0,50.0,Hermoso Departamento Porteño Vista...
547,400000,2.0,40.0,"Camino Troncal 2300, Villa Alemana..."
548,530000,2.0,56.0,"Costa De Montemar, Costas De Monte..."
549,650000,3.0,75.0,Camino San Gerónimo Frente A San A...
550,700000,2.0,55.0,"Costa De Montemar, Costas De Monte..."
551,340000,1.0,30.0,"Camino Del Sol 2400, Paso Hondo, Q..."
552,550000,2.0,57.0,"Departamento En Parque Inglés, Val..."
553,550000,3.0,70.0,"Playa Ancha Centro, Playa Ancha, V..."
554,370000,1.0,50.0,"Las Encinas 1234, Los Romeros - Lo..."
555,420000,2.0,55.0,"Crisol Arrienda Depto Tercer Piso,..."
556,370000,3.0,75.0,"Los Alamos 928, Belloto Centro, Qu..."
557,400000,1.0,40.0,"Solingen 220, Viña Del Mar, Chile,..."
558,420000,1.0,32.0,"Von Schroeder 1 - 300, Viña Del Ma..."
559,700000,3.0,87.0,"Sector Jardin Del Mar, Reñaca, Viñ..."
560,800000,4.0,90.0,"Libertad, Viña Del Mar"
561,380000,2.0,40.0,"Camino Troncal 2300, Villa Alemana..."
562,400000,1.0,50.0,"Arriendo En Costa De Montemar, Cos..."
563,410000,2.0,70.0,"Departamento En San Roque, Valpara..."
564,450000,2.0,64.0,"Pelle 1 - 300, Valparaíso, Chile, ..."
566,380000,2.0,35.0,"Sector Cumbres De Reñaca, Reñaca A..."
567,480000,2.0,49.0,"Edificio Mirador Placeres Ii, Cerr..."
569,360000,2.0,54.0,"Lisboa 1 - 300, Viña Del Mar, Chil..."
570,400000,2.0,50.0,"Camino Troncal 2300, Villa Alemana..."
571,400000,2.0,48.0,"Departamento En Viña Del Mar Alto,..."
572,430000,3.0,70.0,"Calle Ibsen 568 568, Placilla, Val..."
573,435000,1.0,1.0,"Montemar, Concón"
574,500000,2.0,59.0,"San Fernando 46, Concón, Chile, Mo..."
575,570000,1.0,46.0,"Departamento Amoblado En Reñaca, R..."
576,400000,2.0,50.0,"Camino Troncal 2300, Villa Alemana..."
577,400000,2.0,48.0,"Departamento En Viña Del Mar Alto,..."
578,430000,3.0,70.0,"Calle Ibsen 568 568, Placilla, Val..."
579,435000,1.0,1.0,"Montemar, Concón"
580,500000,2.0,59.0,"San Fernando 46, Concón, Chile, Mo..."
581,570000,1.0,46.0,"Departamento Amoblado En Reñaca, R..."
582,400000,2.0,51.0,"Los Carreras, Quilpué, Chile, Cent..."
583,310000,3.0,60.0,"Centro De Quillota, Quillota"
584,800000,3.0,90.0,"3 Poniente, Libertad, Viña Del Mar"
585,470000,1.0,40.0,Liquidambar Esquinas Las Cineraria...
587,630000,2.0,60.0,"Costas De Montemar, Concón"
588,450000,1.0,32.0,"Avenida Costa De Montemar 186, Val..."
589,330000,3.0,45.0,"Condominio Los Paltos, Calera"
590,480000,2.0,42.0,"Entrelomas 110, Concón, Chile, Cos..."
591,600000,2.0,67.0,"Liagora 375, Viña Del Mar, Chile, ..."
592,900000,3.0,75.0,"8 Norte, Libertad, Viña Del Mar"
593,425000,2.0,61.0,"Avda Urmeneta, San Francisco De Li..."
594,420000,2.0,50.0,"Camino Troncal 2300, Villa Alemana..."
595,330000,1.0,30.0,"Ignacio Carrera Pinto 0265, Valpar..."
596,330000,2.0,60.0,"Martin Rivas 3409, Villa Alemana, ..."
597,450000,1.0,31.0,"Departamento En Isla Picton, Viña ..."
598,420000,1.0,34.0,"Las Encinas 1160, Los Romeros - Lo..."
599,670000,3.0,93.0,"Díaz, Villa Alemana, Chile, Centro..."
600,500000,2.0,45.0,"Avenida La Marina, Viña Del Mar, C..."
601,520000,1.0,35.0,"Arenales 196, Concón, Chile, Costa..."
602,520000,2.0,60.0,"Álvarez 1802, Viña Del Mar, Chile,..."
603,400000,1.0,42.0,"Viana 300 - 600, Viña Del Mar, Chi..."
604,649000,3.0,79.0,"Halimeda 300 - 600, Viña Del Mar, ..."
606,395000,1.0,27.0,"Reñaca Nte. 265, Concón, Viña Del ..."
608,390000,2.0,52.0,"Eduardo Titus 300 - 600, Viña Del ..."
609,390000,2.0,55.0,"Palmira Romano Norte 556, Limache,..."
610,670000,2.0,72.0,"Arenales, Concón, Chile, Costas De..."
611,600000,2.0,72.0,"Avenida Las Cinerarias.  300- 700,..."
612,550000,2.0,74.0,"Cantábrico 5067, Valparaíso, Viña ..."
613,450000,3.0,80.0,"Condell 1217, Valparaíso, Chile, S..."
614,330000,2.0,45.0,"Veintiuno De Mayo 2030, Viña Del M..."
615,350000,1.0,40.0,"Condell Sur 1232, Quilpué, Valpara..."
616,980000,3.0,96.0,"Avenida Blanca Estela 2100 - 2400,..."
617,700000,2.0,90.0,"Entrelomas  Sn, Costas De Montemar..."
618,630000,2.0,68.0,"Los Lilenes, Concón, Higuerillas, ..."
619,530000,2.0,60.0,"Gregorio Marañon, Viña Del Mar, Ch..."
620,1600000,3.0,74.0,"Av. Borgoño, Concón, Costas De Mon..."
621,460000,3.0,66.0,"Av. Obispo Valdés Subercaseaux , P..."
622,580000,2.0,70.0,"Entrelomas 365, Concón, Chile, Cos..."
623,580000,1.0,47.0,"Departamento En Forestal Bajo, For..."
624,630000,2.0,68.0,"Los Lilenes, Concón, Higuerillas, ..."
625,530000,2.0,60.0,"Gregorio Marañon, Viña Del Mar, Ch..."
626,1600000,3.0,74.0,"Av. Borgoño, Concón, Costas De Mon..."
627,460000,3.0,66.0,"Av. Obispo Valdés Subercaseaux , P..."
628,580000,2.0,70.0,"Entrelomas 365, Concón, Chile, Cos..."
629,580000,1.0,47.0,"Departamento En Forestal Bajo, For..."
631,300000,1.0,45.0,"San Agustín 1397, Concón, Chile, L..."
632,480000,3.0,76.0,"Los Pinos, Quilpué, Chile, Preside..."
635,750000,2.0,70.0,"Entrelomas, Concón, Chile, Costas ..."
636,450000,3.0,50.0,"Camino Vecinal  Sn, Balneario El T..."
637,500000,2.0,70.0,"Avenida Manantiales, Concón, Chile..."
638,360000,3.0,70.0,"Navío San Martín 365, Valparaíso, ..."
639,540000,1.0,37.0,"Avenida Costa De Montemar, Concón,..."
640,520000,3.0,70.0,"Subida Noruega, Valparaíso"
641,550000,3.0,80.0,"Penablanca, Villa Alemana, Chile, ..."
642,630000,2.0,70.0,"El Encanto 300 - 600, Viña Del Mar..."
643,680000,2.0,52.0,"Diecinueve De Junio 1571, Viña Del..."
644,390000,2.0,65.0,"Alto Manquehue 3194, Quilpué, Chil..."
646,630000,2.0,70.0,"El Encanto 300 - 600, Viña Del Mar..."
647,350000,2.0,59.0,"Donegal  71, Placilla, Valparaíso"
648,360000,3.0,75.0,"Hanga Roa, Valparaíso, Chile, Valp..."
649,600000,3.0,67.0,"Laura Barros 11, 2.5104e+06 - 2.51..."
650,510000,2.0,63.0,"Cono Sur 4800 - 5100, Viña Del Mar..."
651,680000,2.0,75.0,Avenida Edmundo Eluchans  1300 - 2...
652,650000,3.0,65.0,Quilpué
653,570000,3.0,50.0,"Limonares , 550, Viña Del Mar"
654,650000,2.0,60.0,"Avenida Borgoño 18900 - 19200, Con..."
655,400000,3.0,60.0,Valparaíso
658,300000,1.0,40.0,"Loft En Centro De Reñaca , 40, Reñ..."
660,550000,1.0,35.0,"P Mackenna 798, Viña Del Mar, Chil..."
661,500000,2.0,60.0,"Gómez Carreño Int, Viña Del Mar, C..."
663,650000,2.0,54.0,"Av. Concón Reñaca 115, Concón, Val..."
664,350000,3.0,65.0,"Condominio Altos De Merced, Centro..."
665,700000,2.0,68.0,"Av. San Martín 1100-1270, 2.52e+06..."
666,900000,3.0,80.0,"Avenida Edmundo Eluchans, Viña Del..."
667,580000,2.0,5.0,"Viana 900 - 1200, Viña Del Mar, Ch..."
668,370000,3.0,50.0,"Llolleo, San Antonio, Chile, Lloll..."
669,390000,3.0,42.0,"Lago Las Torres, Quilpué, Chile, L..."
670,700000,3.0,90.0,"C. Limache 1161, 2520546 Viña Del ..."
672,900000,3.0,80.0,"Avenida Edmundo Eluchans, Viña Del..."
673,580000,2.0,5.0,"Viana 900 - 1200, Viña Del Mar, Ch..."
674,370000,3.0,50.0,"Llolleo, San Antonio, Chile, Lloll..."
675,390000,3.0,42.0,"Lago Las Torres, Quilpué, Chile, L..."
676,700000,3.0,90.0,"C. Limache 1161, 2520546 Viña Del ..."
678,450000,1.0,6.0,"Emiliano Figueroa 450, 2540042 Val..."
679,360000,2.0,55.0,"Beaucheff 199, Valparaíso, Chile, ..."
680,300000,1.0,20.0,"4 Poniente 300 - 600, Viña Del Mar..."
681,650000,2.0,80.0,"5 Norte, Viña Del Mar, Chile, Libe..."
682,350000,1.0,70.0,"Lusitania 191, Valparaíso, Viña De..."
683,315000,3.0,80.0,"Ibsen 568, Valparaíso, Chile, Valp..."
684,360000,1.0,57.0,"Doce De Febrero 1524, Viña Del Mar..."
685,550000,3.0,60.0,"El Encanto  432, Reñaca, Viña Del ..."
686,700000,3.0,90.0,"Oxalix Nitella, Reñaca, Viña Del M..."
687,390000,2.0,55.0,"Castilla 124, Viña Del Mar, Chile,..."
688,400000,2.0,50.0,"Avenida La Marina 80, Viña Del Mar..."
689,320000,3.0,56.0,"Av. Gómez Carreño 3707, Viña Del M..."
690,180000,1.0,35.0,"Casma 40, Valparaíso, Chile, Cerro..."
691,400000,1.0,37.0,"Aníbal Pinto 139, Viña Del Mar, Ch..."
692,370000,3.0,50.0,Arriendo Departamento Viña Del Mar...
693,480000,1.0,47.0,"Av. Concón Reñaca 4357, Concón, Ch..."
694,550000,2.0,65.0,"7 Norte 360, Viña Del Mar, Chile, ..."
695,500000,2.0,50.0,"Agua Santa, Viña Del Mar"
696,420000,2.0,72.0,"Litorina 210, Viña Del Mar, Chile,..."
697,360000,1.0,42.0,"Gregorio Marañon, Centro De Viña D..."
698,430000,1.0,50.0,"Reñaca, Viña Del Mar"
699,660000,3.0,57.0,"5 Ote. 0225, 2.5209e+06 - 2.5212e+..."
700,350000,1.0,45.0,"Brasil 1860, 2362881 Valparaíso, C..."
701,350000,1.0,41.0,"Los Pinos 937, Valparaíso, Chile, ..."
702,480000,2.0,72.0,"Litorina 210, Viña Del Mar, Chile,..."
703,370000,1.0,40.0,"Vicuña Mackenna 542, Viña Del Mar,..."
704,420000,3.0,85.0,"Principal 121, Viña Del Mar, Valpa..."
705,400000,1.0,36.0,"Viana 837, Viña Del Mar, Chile, Ce..."
706,380000,3.0,51.0,"Avenida Gómez Carreño 3707, Viña D..."
707,500000,1.0,36.0,"3 Norte 487, Viña Del Mar, Chile, ..."
708,450000,1.0,40.0,"7 Norte 1200 - 1500, Viña Del Mar,..."
709,450000,2.0,60.0,"Avenida Libertad 22, Valparaíso, V..."
710,1200000,3.0,85.0,"Bellavista 836, Viña Del Mar, Valp..."
712,480000,2.0,56.0,"Reñaca, Viña Del Mar"
713,450000,3.0,74.0,"Costa Algarrobo Norte, Mirasol, Al..."
715,450000,2.0,53.0,"Padre Rene Pienovi 1055, Viña Del ..."
716,349000,2.0,55.0,"San Guillermo 941, Valparaíso, Chi..."
717,500000,3.0,80.0,"Yungay, Almendral, Valparaíso"
718,370000,1.0,40.0,"Ecuador 130, Viña Del Mar, Chile, ..."
719,550000,2.0,65.0,"(mgg11309) Euromarina I, Reñaca, V..."
721,450000,2.0,53.0,"Padre Rene Pienovi 1055, Viña Del ..."
722,349000,2.0,55.0,"San Guillermo 941, Valparaíso, Chi..."
723,500000,3.0,80.0,"Yungay, Almendral, Valparaíso"
724,370000,1.0,40.0,"Ecuador 130, Viña Del Mar, Chile, ..."
725,550000,2.0,65.0,"(mgg11309) Euromarina I, Reñaca, V..."
727,650000,3.0,80.0,"Centro De Viña Del Mar, Viña Del M..."
728,600000,3.0,92.0,"Viña Del Mar, Chile, Libertad, Viñ..."
729,550000,3.0,70.0,"El Encanto, Reñaca, Viña Del Mar"
730,490000,2.0,80.0,"(nmd/6622) Petalonia, Jardin Del M..."
731,550000,2.0,80.0,"Av. Costa De Montemar 112, 2520000..."
732,600000,2.0,63.0,"Reñaca, Viña Del Mar"
735,370000,3.0,50.0,Arriendo Departamento En Mirador D...
736,400000,2.0,64.0,"Avenida Valparaíso, Viña Del Mar, ..."
737,870000,3.0,80.0,"Condominio Costareñaca, Reñaca, Vi..."
738,390000,1.0,30.0,"Guayacán 61, Viña Del Mar, Chile, ..."
739,440000,2.0,55.0,Avenida Santa Teresa De Los Andes ...
740,330000,1.0,27.0,"Viana 811, Viña Del Mar, Chile, Ce..."
742,570000,2.0,60.0,Frente Al Mar Oportunidad Año Corr...
743,550000,3.0,70.0,"Calle Limache 1210, Viña Del Mar, ..."
744,700000,3.0,88.0,"Av. Francisco Soza Cousiño 685, 25..."
745,760000,3.0,88.0,"2 Poniente 600 - 900, Viña Del Mar..."
746,590000,2.0,50.0,"Arlegui 1320, Viña Del Mar, Chile,..."
747,650000,3.0,76.0,"Centro De Viña Del Mar, Viña Del M..."
749,430000,3.0,64.0,"(nmd11380) Gregorio Marañón, Viña ..."
750,450000,2.0,60.0,"Avenida Valparaíso 230, Viña Del M..."
751,490000,2.0,78.0,"Cantábrico 5050, Viña Del Mar, Chi..."
753,340000,1.0,43.0,"Quillota 249, Viña Del Mar, Chile,..."
754,550000,3.0,80.0,"Diego Portales 1200, Viña Del Mar,..."
755,450000,3.0,70.0,"Río Aconcagua 140, Concón, Chile, ..."
756,350000,1.0,30.0,"Calle 4, 527, Playa Amarilla, Conc..."
758,520000,3.0,75.0,"Agua Santa 1400, 2581777 Valparaís..."
761,500000,3.0,70.0,"2 Ote. 67, Viña Del Mar, Valparaís..."
762,550000,2.0,73.0,"Entrelomas 50, Concón, Chile, Cost..."
763,500000,1.0,52.0,"Avenida Coraceros 1 - 300, Viña De..."
764,400000,1.0,40.0,"Av. Coraceros 50, Viña Del Mar, Ch..."
765,460000,1.0,42.0,"Viana 600 - 900, Viña Del Mar, Chi..."
766,550000,2.0,65.0,"8 Norte 380, Viña Del Mar, Chile, ..."
767,650000,2.0,60.0,"Calle Arenales 156, Concón, Chile,..."
768,550000,2.0,73.0,"Entrelomas 50, Concón, Chile, Cost..."
769,500000,1.0,52.0,"Avenida Coraceros 1 - 300, Viña De..."
770,400000,1.0,40.0,"Av. Coraceros 50, Viña Del Mar, Ch..."
771,460000,1.0,42.0,"Viana 600 - 900, Viña Del Mar, Chi..."
772,550000,2.0,65.0,"8 Norte 380, Viña Del Mar, Chile, ..."
773,650000,2.0,60.0,"Calle Arenales 156, Concón, Chile,..."
774,410000,1.0,38.0,"Arlegui 160, Viña Del Mar, Chile, ..."
775,440000,2.0,48.0,Arriendo Depto Nuevo $440.000 2d2b...
776,350000,1.0,32.0,"Alvarez  1136, Forestal, Viña Del ..."
777,420000,1.0,45.0,"Av. José Manuel Balmaceda 805, Viñ..."
778,450000,1.0,29.0,"Reñaca Norte 265, Concón, Viña Del..."
779,840000,3.0,93.0,Edificio Bosquemar. San Fernando E...
780,630000,3.0,91.0,"Jardín Del Mar, Reñaca, Viña Del M..."
781,600000,3.0,80.0,"Jardín Del Mar 290, 2540218 Viña D..."
782,490000,3.0,72.0,"Ruta G98-f 424,, Mirasol, Algarrobo"
783,570000,2.0,58.0,"Reñaca, Viña Del Mar"
784,375000,1.0,48.0,"Serrano 900 - 1200, Quilpué, Chile..."
785,470000,2.0,60.0,"Aníbal Pinto 1 - 300, Viña Del Mar..."
786,520000,2.0,50.0,"Arlegui  1320, Centro De Viña Del ..."
788,550000,2.0,70.0,"2 Oriente 340, Viña Del Mar, Chile..."
789,450000,1.0,45.0,"Avenida Bosques De Montemar, Concó..."
790,600000,2.0,49.0,"Viña Del Mar, Chile, Libertad, Viñ..."
791,350000,3.0,70.0,"Incas 1567, Quilpué, Chile, Bellot..."
792,430000,2.0,65.0,"Rotonda Concón, La Boca, Concón"
793,725000,2.0,67.0,"8 Norte 310, Viña Del Mar, Valpara..."
795,500000,2.0,70.0,Av. Jardín Del Mar Edificio Ensena...
796,500000,1.0,50.0,"Diego Portales 449, Valparaíso, Ch..."
798,320000,4.0,60.0,"Castillo 278, Valparaíso, Chile, V..."
799,500000,2.0,78.0,"Antofagasta 1 - 300, Valparaíso, V..."
800,400000,1.0,33.0,"Jardín Del Mar-reñaca, Reñaca, Viñ..."
801,650000,3.0,75.0,"Los Abedules, Concón, Chile, Monte..."
802,600000,2.0,54.0,"Edmundo Eluchans, 1800 - 2100, Reñ..."
803,430000,1.0,45.0,"Entrelomas 50, Concón, Chile, Cost..."
804,460000,1.0,50.0,"Los Prunos 400, Concón, Chile, Mon..."
805,750000,2.0,75.0,"San Martín, Libertad, Viña Del Mar"
806,600000,3.0,65.0,"Álvarez 32, Viña Del Mar, Chile, A..."
807,750000,3.0,80.0,"Reñaca Norte 55, Concón, Viña Del ..."
808,490000,3.0,70.0,"Camino Los Ingleses, Valparaíso, C..."
809,790000,3.0,70.0,"Entrelomas 110, Concón, Chile, Cos..."
810,480000,1.0,70.0,"Arenales 535, Concón, Chile, Costa..."
811,490000,2.0,78.0,"Antofagasta 1 - 300, Valparaíso, V..."
812,540000,2.0,64.0,"Jardín Del Mar 345, Viña Del Mar, ..."
813,550000,3.0,75.0,"Mantagua, Concón, Chile, Higuerill..."
815,550000,3.0,90.0,"Miraflores, Miraflores, Viña Del M..."
816,480000,1.0,70.0,"Arenales 535, Concón, Chile, Costa..."
817,490000,2.0,78.0,"Antofagasta 1 - 300, Valparaíso, V..."
818,540000,2.0,64.0,"Jardín Del Mar 345, Viña Del Mar, ..."
819,550000,3.0,75.0,"Mantagua, Concón, Chile, Higuerill..."
821,550000,3.0,90.0,"Miraflores, Miraflores, Viña Del M..."
822,420000,3.0,60.0,Departamento En Arriendo En Gomez ...
823,320000,1.0,54.0,"Serrano 1138, Quilpué, Chile, Cent..."
824,550000,2.0,1.0,"Francisco Soza, Montemar, Concón"
825,250000,1.0,18.0,"Cerca Mall Valparaiso, Valparaíso"
826,550000,2.0,77.0,"Avenida Cornisa 600 - 900, Concón,..."
828,512000,2.0,47.0,"Traslaviña 60, Viña Del Mar, Chile..."
830,470000,2.0,55.0,"Avenida José Manuel Balmaceda 833,..."
831,420000,1.0,45.0,"Edmundo Eluchans 2145, Reñaca, Viñ..."
832,410000,1.0,50.0,"Avenida Costa De Montemar, Concón,..."
833,300000,2.0,69.0,"Tierras Rojas 723, Quilpué, Valpar..."
834,710000,3.0,90.0,"Agua Santa, Viña Del Mar"
837,330000,2.0,50.0,Promoción Arriendo Con Estacionami...
838,480000,2.0,49.0,"Entrelomas, Concón, Chile, Costas ..."
841,490000,1.0,35.0,Edificio Viña Plaza V - Sector Hos...
842,580000,3.0,91.0,"Condell Sur 1237, Quilpué, Chile, ..."
843,480000,1.0,33.0,"Libertad, Viña Del Mar"
846,850000,3.0,78.0,Avenida Costa De Montemar 300 - 60...
847,420000,2.0,50.0,"Eduardo Titus Camino Troncal, Viña..."
849,450000,3.0,62.0,"Avenida Los Limonares 550, Viña De..."
850,550000,3.0,75.0,"Avenida La Marina 199, Viña Del Ma..."
851,360000,3.0,65.0,"Arriendo En Av. Lomas De La Luz, S..."
853,450000,2.0,50.0,"(nmd11381) Sendero Sur, Gregorio M..."
854,1000000,3.0,90.0,"Int 13, 2510018 Concón, Valparaíso..."
855,800000,3.0,60.0,"Entrelomas 605, Concón, Chile, Cos..."
856,430000,1.0,45.0,"Av. José Manuel Balmaceda 850, Viñ..."
859,500000,2.0,80.0,"Avenida Borgoño 16300, Viña Del Ma..."
860,370000,3.0,72.0,"Santiago Watt, Viña Del Mar, Chile..."
862,300000,1.0,23.0,"Bremen 20, Viña Del Mar, Valparaís..."
863,390000,2.0,60.0,"Carmen 300 - 600, Valparaíso, Chil..."
865,500000,2.0,80.0,"Avenida Borgoño 16300, Viña Del Ma..."
866,370000,3.0,72.0,"Santiago Watt, Viña Del Mar, Chile..."
868,300000,1.0,23.0,"Bremen 20, Viña Del Mar, Valparaís..."
869,390000,2.0,60.0,"Carmen 300 - 600, Valparaíso, Chil..."
870,600000,3.0,70.0,"Isla Picton 450, Viña Del Mar, Chi..."
871,650000,3.0,93.0,"Av. Jardines De Reñaca 50, Viña De..."
872,395000,1.0,45.0,"Av. Borgoño 14400 - 14700, Viña De..."
873,350000,1.0,30.0,Departamento 1d-1b Arriendo Uno No...
874,600000,2.0,64.0,"Jardín Del Mar 345, Viña Del Mar, ..."
875,550000,2.0,50.0,"Etcheveres 229, Centro De Viña Del..."
876,470000,1.0,55.0,Exclusivo Departamento En El Coraz...
877,345000,2.0,50.0,"Via V3 5, Quilpué, Chile, Quilpué"
878,320000,1.0,40.0,"Valparaiso, Valparaíso"
879,320000,2.0,55.0,"Lago Bertrand 1 - 300, Quilpué, Ch..."
880,850000,3.0,93.0,"6 Norte 838, Viña Del Mar, Valpara..."
881,310000,2.0,43.0,"Navío San Martín 345, Valparaíso, ..."
882,700000,2.0,95.0,"Av. Borgoño 16036, Viña Del Mar, C..."
883,430000,1.0,36.0,"Arenales 156, Concón, Chile, Costa..."
884,500000,2.0,54.0,"Solingen 220, Viña Del Mar, Chile,..."
885,340000,1.0,35.0,"Av. Los Carrera, Quilpué, Villa Al..."
887,420000,1.0,40.0,"Recreo, Recreo, Viña Del Mar"
889,500000,3.0,85.0,"Padre Rene Pienovi 45, Viña Del Ma..."
890,430000,1.0,32.0,"Liquidambar 300 - 600, Concón, Chi..."
891,340000,2.0,54.0,Dto 2 Dorm Beauchef Vista Y Estaci...
892,500000,1.0,45.0,"Avenida Edmundo Eluchans 1700, Viñ..."
894,600000,3.0,87.0,"Agua Santa, Agua Santa, Viña Del M..."
896,450000,1.0,42.0,"Francisco Sosa Cousiño, Concón, Ch..."
897,750000,3.0,70.0,"Arenales 156, Concón, Chile, Costa..."
898,450000,2.0,40.0,"Vega 582, Valparaíso, Chile, Cerro..."
899,500000,2.0,50.0,"Depto En Traslaviña Esq. Arlegui, ..."
900,760000,3.0,80.0,"Vicuña Mackenna, Reñaca, Viña Del ..."
902,500000,3.0,95.0,"Yungay, Valparaíso, Chile, Almendr..."
903,670000,2.0,55.0,"Casino Viña Del Mar, Libertad, Viñ..."
904,370000,2.0,65.0,"Camino Del Sol 2400, Quilpué, Chil..."
905,500000,3.0,60.0,Hermoso Departamento Amplio De 3 D...
906,600000,2.0,64.0,"(mgg) El Encanto, Reñaca 2d2b, Reñ..."
907,590000,2.0,65.0,"Avenida Costa De Montemar 460, Con..."
909,350000,2.0,40.0,"Villa Alemana, Cam. Troncal 2300, ..."
910,600000,2.0,60.0,"Las Pinpinelas 765, Concón, Chile,..."
912,600000,2.0,64.0,"(mgg) El Encanto, Reñaca 2d2b, Reñ..."
913,590000,2.0,65.0,"Avenida Costa De Montemar 460, Con..."
915,350000,2.0,40.0,"Villa Alemana, Cam. Troncal 2300, ..."
916,600000,2.0,60.0,"Las Pinpinelas 765, Concón, Chile,..."
918,360000,1.0,32.0,"General Cruz 151, Valparaíso, Chil..."
919,460000,3.0,67.0,"(nmd11264) Sendero Sur, Gregorio M..."
920,800000,3.0,92.0,"Edmundo Eluchans, 1800 - 2100, Reñ..."
921,300000,2.0,47.0,"Pasaje Esmeralda 2526, Estación La..."
922,480000,2.0,41.0,"Av Central, Montemar, Concón"
923,750000,3.0,90.0,"Viña Del Mar, Libertad, Viña Del M..."
924,450000,2.0,60.0,Oportunidad Arriendo Año Corrido V...
925,460000,3.0,70.0,"Avenida Lomas De La Luz 3894, Cura..."
927,450000,1.0,47.0,"Av Edmundo Eluchans 1615, Viña Del..."
928,350000,2.0,37.0,"Estero Maitenlahue 900 - 1200, Val..."
930,550000,2.0,73.0,"Riveros 1 - 300, Viña Del Mar, Chi..."
931,700000,2.0,85.0,Soleado Y Acogedor Departamento De...
933,600000,3.0,70.0,"Isla Picton 245, Viña Del Mar, Chi..."
934,230000,1.0,20.0,"22 Norte 1995, Santa Inés, Viña De..."
935,500000,3.0,65.0,"Camino El Yeco, 0, Algarrobo"
936,550000,2.0,66.0,"Av. José Manuel Balmaceda 591, Viñ..."
938,420000,2.0,55.0,"Av. Isidoro Dubournais 185, El Qui..."
941,380000,3.0,57.0,Lago Villarica |  Camino Internaci...
943,370000,2.0,59.0,"Cerro Larraín - Polanco, Valparaíso"
944,600000,2.0,75.0,"Etchevers, Quinta Vergara, Viña De..."
945,390000,1.0,35.0,"Rodimenia 402, 2542542 Viña Del Ma..."
946,385000,2.0,40.0,"Covadonga 173, Marga Marga, Limach..."
947,560000,2.0,50.0,Las Perlas  | Edmundo Eluchans | R...
949,400000,2.0,88.0,"24 Norte 1200 - 1500, Viña Del Mar..."
950,550000,1.0,35.0,Av. Coraceros | Av. Nueva Libertad...
951,600000,3.0,89.0,"General Prieto 300 - 600, Valparaí..."
953,450000,1.0,42.0,Departamento En Arriendo De 1 Dorm...
956,400000,2.0,48.0,"Cerro Placeres, Valparaíso"
958,950000,3.0,80.0,Av. Jorge Montt / Condominio Puert...
959,350000,2.0,60.0,"Virgilio Arias 65, Valparaíso, Chi..."
962,400000,2.0,48.0,"Cerro Placeres, Valparaíso"
964,950000,3.0,80.0,Av. Jorge Montt / Condominio Puert...
965,350000,2.0,60.0,"Virgilio Arias 65, Valparaíso, Chi..."
966,350000,2.0,63.0,"Navío San Martín 70, Valparaíso, C..."
967,950000,3.0,85.0,"Arenales 156, Concón, Chile, Costa..."
969,360000,2.0,50.0,"Canal Kirke, Viña Del Mar, Chile, ..."
970,750000,3.0,95.0,"Pasaje Alvarez 1090, Viña Del Mar,..."
972,500000,3.0,78.0,"Placeres, Cerro Placeres, Valparaí..."
973,480000,1.0,75.0,"Arenales 535, Concón, Chile, Costa..."
974,430000,1.0,45.0,"Francisco Soza, Montemar, Concón"
975,440000,2.0,58.0,"Ignacio Carrera Pinto 0376, Villa ..."
976,260000,1.0,18.0,"Cerro Placeres, Valparaíso"
979,650000,2.0,63.0,"Las Golondrinas | Viña Del Mar, Re..."
980,490000,4.0,88.0,"Agua Santa, Viña Del Mar"
981,340000,2.0,44.0,"Nuevo | Comodidad | Villa Alemana,..."
982,800000,2.0,82.0,"Edmundo Eluchans, Reñaca, Viña Del..."
983,700000,2.0,55.0,"Los Mirlos 181, Viña Del Mar, Chil..."
984,450000,2.0,41.0,"Av. Vicuña Mackenna, Quillota, Cen..."
985,550000,2.0,60.0,"Las Perlas 1800 - 2100, Viña Del M..."
986,430000,3.0,74.0,Arriendo Depto Nuevo En Av. Lomas ...
987,800000,3.0,80.0,"Av. Borgoño 20500, Concón, Chile, ..."
988,620000,2.0,64.0,"Arlegui 1320, Viña Del Mar, Chile,..."
989,330000,3.0,60.0,"Av. Las Maravillas 630, Viña Del M..."
990,520000,2.0,60.0,Avenida Santa Teresa De Los Andes ...
991,400000,1.0,58.0,"Cerro Concepcion, Cerro Alegre, Va..."
992,370000,1.0,54.0,"Avenida Placeres 206, Cerro Placer..."
993,400000,1.0,40.0,"Edmundo Eluchans 2506, Reñaca, Viñ..."
994,400000,2.0,47.0,"Camino Del Sol, Quilpué, Chile, Pa..."
995,520000,2.0,70.0,"2 Oriente 900 - 1200, Viña Del Mar..."
997,580000,2.0,57.0,"Edmundo Eluchans, Costas De Montem..."
998,460000,2.0,61.0,"(nmd11478) Sendero Norte, Altos De..."
999,500000,2.0,52.0,"Agua Santa, Recreo, Agua Santa, Vi..."
1000,450000,1.0,35.0,"Viana 900 - 1200, Viña Del Mar, Ch..."
1001,520000,2.0,60.0,"Pimpinelas, Higuerillas, Concón"
1002,500000,2.0,45.0,"Entrelomas / La Luna, Costas De Mo..."
1004,550000,2.0,60.0,"Sendero Norte, Viña Del Mar, Chile..."
1006,765000,2.0,90.0,"Avenida Francisco Soza Cousiño, Co..."
1008,500000,2.0,45.0,"Entrelomas / La Luna, Costas De Mo..."
1010,550000,2.0,60.0,"Sendero Norte, Viña Del Mar, Chile..."
1012,765000,2.0,90.0,"Avenida Francisco Soza Cousiño, Co..."
1014,470000,1.0,34.0,"Calle Quillota, Centro De Viña Del..."
1015,400000,1.0,50.0,"Cumming, Valparaíso, Chile, Cerro ..."
1016,600000,2.0,64.0,"Avenida Pacifico 5159, Viña Del Ma..."
1017,400000,2.0,54.0,"Condominio Parque Pinares, Los Pin..."
1018,500000,3.0,80.0,"Avenida Curauma Sur, Placilla, Val..."
1019,600000,4.0,77.0,Bartolome Mitre | Cerro Barón | Va...
1020,480000,1.0,40.0,"2 Poniente 1 - 300, Viña Del Mar, ..."
1022,300000,3.0,45.0,"San Felipe, Chile, Centro De San F..."
1023,325000,3.0,65.0,"Avenida Gómez Carreño 4647, Valpar..."
1024,340000,1.0,27.0,"Los Andes, Chile, Centro De Los An..."
1025,680000,2.0,54.0,"Avenida Costa De Montemar, Concón,..."
1026,800000,3.0,95.0,"Padre Enrique Del Río 581, Puchunc..."
1027,530000,3.0,58.0,"Atlántico 4004, Viña Del Mar, Valp..."
1028,500000,2.0,50.0,"Isla Picton 245, 2561813 Valparaís..."
1029,550000,2.0,55.0,Departamento Amoblado Año Corrido....
1030,550000,3.0,78.0,"Claudio Vicuña  Sn, Centro De Quil..."
1031,600000,3.0,73.0,Arriendo Año Corrido En Algarrobo ...
1032,590000,2.0,55.0,"Costas De Montemar, Concón"
1033,360000,2.0,55.0,"Lago Zenteno 1615, Viña Del Mar, C..."
1034,410000,3.0,60.0,"Tarapacá 4, Quillota, La Cruz, Chi..."
1035,480000,1.0,51.0,"Montemar, Concón"
1036,450000,1.0,40.0,"3 Oriente 1331, Viña Del Mar, Chil..."
1037,500000,2.0,70.0,"Laurencia Sn, Reñaca, Viña Del Mar"
1039,450000,1.0,45.0,"Av. Borgoño. Playa La Boca, La Boc..."
1040,480000,2.0,52.0,"Altos De Viña, Centro De Viña Del ..."
1041,640000,2.0,57.0,"P. Mackenna, 798, Forestal, Viña D..."
1042,450000,2.0,50.0,"Centro De Viña Del Mar, Viña Del M..."
1043,340000,1.0,30.0,"Cerro Placeres, Valparaíso"
1044,410000,2.0,54.0,"Departamento En Arriendo, Paso Hon..."
1045,490000,3.0,63.0,"Canal Kirke 450, Viña Del Mar, Chi..."
1046,590000,3.0,78.0,"Jose Manuel Balmaceda 865, Reñaca,..."
1047,330000,3.0,61.0,"L. Peñuelas 860, Viña Del Mar, Chi..."
1048,650000,2.0,80.0,"El Encanto 533, Viña Del Mar, Valp..."
1049,490000,3.0,80.0,"General Mackenna, Valparaíso, Chil..."
1050,680000,2.0,75.0,"Avenida Maritima 620, Papudo, Chil..."
1053,500000,2.0,54.0,"Laura Barros 205, Concón, Chile, M..."
1054,335000,3.0,59.0,"Enrique Amthor 1919, La Calera, Ca..."
1055,380000,3.0,48.0,"Los Aromos 1345, Villa Alemana, Ch..."
1056,680000,2.0,75.0,"Avenida Maritima 620, Papudo, Chil..."
1059,500000,2.0,54.0,"Laura Barros 205, Concón, Chile, M..."
1060,335000,3.0,59.0,"Enrique Amthor 1919, La Calera, Ca..."
1061,380000,3.0,48.0,"Los Aromos 1345, Villa Alemana, Ch..."
1062,700000,2.0,63.0,Oportunidad Vista Insuperable 2d/2...
1065,420000,1.0,35.0,"Lomas De Montemar, Concón, Chile, ..."
1066,530000,3.0,90.0,"Los Carreras, Quilpué, Chile, Cent..."
1067,400000,2.0,42.0,"Cerro Placeres, Cerro Placeres, Va..."
1068,800000,3.0,71.0,"Reñaca, Viña Del Mar"
1070,690000,2.0,60.0,Gastos Comunes Incluidos / Sector ...
1072,600000,3.0,75.0,"Avenida Los Placeres 206, Cerro Pl..."
1073,430000,2.0,60.0,"Av. Cardenal Samoré, Placilla, Val..."
1074,650000,3.0,85.0,"Fhv9+fq, Papudo, Valparaíso, Chile..."
1075,600000,2.0,57.0,"P.mackenna, 798, Forestal, Viña De..."
1076,350000,1.0,30.0,Departamento 1d-1b Arriendo Uno No...
1077,450000,3.0,67.0,"Costa Algarrobo Norte, Mirasol, Al..."
1081,450000,2.0,62.0,"General Prieto, Viña Del Mar, Chil..."
1082,600000,3.0,80.0,"Cerro Recreo, Recreo, Viña Del Mar"
1085,425000,3.0,65.0,"Noruega 1069, Valparaíso"
1086,370000,2.0,51.0,"Céntrico | Nuevo | Villa Alemana, ..."
1087,680000,2.0,72.0,"Concón, Chile, Los Romeros - Los M..."
1088,650000,2.0,58.0,"Avenida Costa De Montemar, Concón,..."
1089,620000,2.0,62.0,"Entrelomas, Costas De Montemar, Co..."
1090,520000,3.0,80.0,"Maroto 1455, 2510421 Valparaíso, C..."
1091,820000,3.0,80.0,"Reñaca Norte, Reñaca, Viña Del Mar"
1092,730000,3.0,80.0,"Berger, Centro De Viña Del Mar, Vi..."
1093,380000,2.0,55.0,"Navío San Martín, Condominio Barri..."
1094,400000,2.0,60.0,"Los Pinos 937, Valparaíso, Chile, ..."
1095,350000,2.0,45.0,"Condominio Los Ciruelos, Los Pinos..."
1097,700000,2.0,65.0,"Avenida Costa De Montemar 433, Cos..."
1098,500000,2.0,51.0,"(nmd) Sendero Norte, Altos De Viña..."
1100,650000,2.0,40.0,"Libertad, Viña Del Mar"
1101,750000,3.0,61.0,Condominio Alto Recreo | Hacienda ...
1102,460000,2.0,47.0,"Camino Troncal, Viña Del Mar, Chil..."
1103,700000,2.0,63.0,"Costas De Montemar, Concón"
1104,500000,2.0,51.0,"(nmd) Sendero Norte, Altos De Viña..."
1106,650000,2.0,40.0,"Libertad, Viña Del Mar"
1107,750000,3.0,61.0,Condominio Alto Recreo | Hacienda ...
1108,460000,2.0,47.0,"Camino Troncal, Viña Del Mar, Chil..."
1109,700000,2.0,63.0,"Costas De Montemar, Concón"
1110,365000,3.0,58.0,"Avenida Lomas De La Luz 3894, Plac..."
1111,675000,2.0,70.0,"Montemar, Concón"
1112,350000,1.0,60.0,"General Prieto 450, Valparaíso, Vi..."
1114,415000,3.0,60.0,"Jorge Ross 1070, Villa Dulce, Viña..."
1115,910000,4.0,1.0,"Viña Del Mar, Viña Del Mar"
1117,525000,2.0,51.0,"Avenida Gómez Carreño 4065, Viña D..."
1120,615000,2.0,60.0,"Las Pimpinelas 765, Concón, Chile,..."
1121,700000,2.0,75.0,"Reñaca, Reñaca, Viña Del Mar"
1122,270000,1.0,23.0,Arriendo Departamento Estudio V. A...
1123,630000,2.0,55.0,"Costa Montemar, Concón, Viña Del M..."
1125,700000,2.0,88.0,"Avenida Marina 94, Viña Del Mar, C..."
1126,460000,3.0,61.0,"Glaciar Grey, Colinas De Oro, Quil..."
1127,900000,3.0,83.0,Edificio Medano - Los Prunos 300 -...
1128,450000,2.0,56.0,"Río Imperial, Concón, Chile, Monte..."
1130,650000,3.0,70.0,"Los Abedules 1789, Montemar, Concón"
1135,600000,3.0,85.0,"Agua Santa 300 - 600, Viña Del Mar..."
1136,350000,2.0,55.0,Departamento En Arrriendo 2d-1b-1e...
1137,580000,2.0,50.0,"Los Abedules, Montemar, Concón"
1138,400000,3.0,48.0,Arriendo Departamento Amoblado En ...
1139,1000000,2.0,70.0,"Av. Borgoño 17310, Viña Del Mar, C..."
1140,550000,2.0,51.0,"Los Abedules/camino Central, Monet..."
1141,395000,3.0,60.0,"Las Acacias 1421, Peñablanca, Vill..."
1142,470000,3.0,75.0,"Avenida Gómez Carreño 3701, Viña D..."
1143,450000,2.0,85.0,"Avenida Jardines De Reñaca, Viña D..."
1144,800000,3.0,76.0,"Costa Quilen, Horcón, Puchuncaví"
1145,280000,1.0,18.0,"Cerro Placeres, Valparaíso"
1147,630000,2.0,68.0,"Los Arenales 196, Montemar, Concón"
1148,600000,2.0,55.0,Avenida Costa De Montemar 300 - 60...
1149,405000,3.0,60.0,"Av. Lomas De La Luz, Placilla, Val..."
1150,600000,2.0,65.0,"Talasia 500, Viña Del Mar, Chile, ..."
1153,630000,2.0,68.0,"Los Arenales 196, Montemar, Concón"
1154,600000,2.0,55.0,Avenida Costa De Montemar 300 - 60...
1155,405000,3.0,60.0,"Av. Lomas De La Luz, Placilla, Val..."
1156,600000,2.0,65.0,"Talasia 500, Viña Del Mar, Chile, ..."
1158,480000,2.0,58.0,"Antofagasta, Valparaíso, Chile, Va..."
1160,530000,3.0,53.0,Se Arrienda Depto El Tabo Vista Al...
1162,560000,3.0,70.0,Av. Borde Laguna - Cardenal Samoré...
1163,420000,3.0,55.0,"Lomas Del Bosque 185, Valparaíso, ..."
1164,650000,3.0,72.0,"Los Abedules 1789, Concón, Chile, ..."
1165,450000,2.0,55.0,"Camino Troncal 2300, Villa Alemana..."
1166,750000,3.0,70.0,"Arenales 1 - 300, Concón, Chile, C..."
1167,340000,3.0,53.0,"Lago Villarrica 1 - 300, Viña Del ..."
1168,600000,3.0,70.0,Departamento En Arriendo En Algarr...
1170,460000,3.0,61.0,"Glaciar Grey, Colinas De Oro, Quil..."
1171,600000,3.0,90.0,"Edificio Cumbres De Aconcagua, Los..."
1174,560000,2.0,55.0,Oportunidad Vista Pacifico Centro ...
1175,315000,1.0,30.0,"Cerro Barón, Valparaíso, Chile, Ce..."
1176,1200000,2.0,58.0,"Av. Borgoño 1560, Concón, Chile, P..."
1179,380000,1.0,25.0,"Quillota 235, Viña Del Mar, Chile,..."
1180,670000,3.0,82.0,"6 Norte, Libertad, Viña Del Mar"
1181,750000,4.0,90.0,"Condominio Casamar 2, Mantagua, Qu..."
1182,700000,2.0,60.0,"Bellavista, Edificio Reñaca Blue, ..."
1183,370000,2.0,51.0,"Céntrico | Nuevo | Villa Alemana, ..."
1184,700000,2.0,55.0,"Costa De Montemar, Costas De Monte..."
1185,460000,3.0,61.0,"Glaciar Grey, Colinas De Oro, Quil..."
1186,400000,2.0,42.0,"Canal Kirke 370, Viña Del Mar, Chi..."
1188,460000,3.0,61.0,"Glaciar Grey, Colinas De Oro, Quil..."
1189,460000,3.0,57.0,"Lago Zenteno 1200 - 1500, Viña Del..."
1191,650000,3.0,80.0,"Avenida San Martín  1306, Libertad..."
1192,545000,3.0,85.0,"Avenida Playa Ancha 925, Valparaís..."
1193,330000,2.0,50.0,Promoción Arriendo 2d2b &#43; Esta...
1194,280000,2.0,43.0,"Irma Johnson Molina, Quilpué, Chil..."
1195,430000,2.0,35.0,"Arriendo Home Studio, La Boca, Con..."
1196,300000,3.0,50.0,"Calle Las Maravillas 201, Viña Del..."
1197,750000,2.0,90.0,"Montemar, Concón"
1199,800000,2.0,85.0,Amoblado. Soleado Y Acogedor Depar...
1200,280000,2.0,43.0,"Irma Johnson Molina, Quilpué, Chil..."
1201,430000,2.0,35.0,"Arriendo Home Studio, La Boca, Con..."
1202,300000,3.0,50.0,"Calle Las Maravillas 201, Viña Del..."
1203,750000,2.0,90.0,"Montemar, Concón"
1205,800000,2.0,85.0,Amoblado. Soleado Y Acogedor Depar...
1206,400000,2.0,45.0,"Las Encinas 1025, Concón, Chile, L..."
1208,300000,3.0,48.0,"Condominio Hermanos Maristas, Los ..."
1210,650000,2.0,75.0,"Los Arenales, Costas De Montemar, ..."
1211,430000,2.0,51.0,"Camino Troncal 2300, Peñablanca, V..."
1212,430000,2.0,46.0,"Camino Los Ingleses 815, Valparaíso"
1214,260000,1.0,18.0,"Cerro Placeres, Valparaíso"
1215,390000,3.0,58.0,"Avda. Republica Con Andres Bello, ..."
1216,750000,3.0,90.0,"10 Norte 770, Viña Del Mar, Chile,..."
1217,430000,3.0,70.0,"Condominio Jardín Suizo, Valparaíso"
1220,480000,2.0,50.0,"Leonidas Valenzuela 1288, Valparaí..."
1221,195000,1.0,40.0,Valparaíso
1222,440000,1.0,35.0,"Playa Ancha, Valparaíso"
1223,230000,2.0,45.0,"Pablo Neruda 1637, 2431458 Quilpué..."
1224,750000,1.0,40.0,"Subida Artillería, Cerro Artilleri..."
1225,450000,3.0,62.0,"Av. Lomas De La Luz 3600 - 3900, V..."
1226,500000,2.0,40.0,(fer11489) Oportunidad De Arriendo...
1228,395000,2.0,90.0,"Condell 1176, Valparaíso, Chile, C..."
1229,450000,2.0,63.0,Avenida José Manuel Balmaceda 600 ...
1230,420000,3.0,60.0,Departamento En Arriendo En Gomez ...
1231,800000,3.0,77.0,"Avenida Borgoño 16350, Viña Del Ma..."
1232,450000,2.0,54.0,"Litorina 266, Viña Del Mar, Chile,..."
1233,580000,2.0,60.0,"Vicuña Mackenna 300 - 600, Viña De..."
1234,230000,2.0,48.0,"Pablo Neruda 1721-1701, Quilpué, V..."
1235,670000,2.0,68.0,"Edificio Paseo Andino, Los Andes, ..."
1236,650000,2.0,80.0,"Centro De Viña Del Mar, Viña Del M..."
1238,700000,3.0,78.0,"Maroto, Concón, Chile, La Boca, Co..."
1239,950000,3.0,85.0,"Avenida Jardines De Reñaca 50, Viñ..."
1240,2693,3.0,73.0,Viña Del Mar
1241,490000,3.0,68.0,"Canal Kirke 450, Viña Del Mar, Chi..."
1243,205000,1.0,52.0,"Avenida Cardenal Samore/curauma, C..."
1246,290000,1.0,40.0,"Marisol 1772, Quilpué, Chile, Pres..."
1249,205000,1.0,52.0,"Avenida Cardenal Samore/curauma, C..."
1252,290000,1.0,40.0,"Marisol 1772, Quilpué, Chile, Pres..."
1254,530000,2.0,60.0,"Los Pinos 678, Valparaíso"
1256,550000,3.0,80.0,"Blanca 655, Cerro Placeres, Valpar..."
1258,800000,2.0,80.0,"Arenales 535, Concón, Chile, Costa..."
1259,950000,3.0,87.0,"Edificio Medano - Los Prunos 400, ..."
1260,420000,3.0,49.0,"Avenida San Juan 1610, Llolleo, Sa..."
1261,750000,2.0,70.0,"Papudo, Punta Puyai"
1262,430000,1.0,50.0,"Higuerillas, Concón"
1265,430000,2.0,50.0,"Isla Melinka, Viña Del Mar, Chile,..."
1267,600000,2.0,62.0,"Entrelomas 1 - 300, Concón, Chile,..."
1268,390000,2.0,48.0,"Eduardo Titus, Viña Del Mar, Chile..."
1269,490000,3.0,77.0,"Villanelo, Viña Del Mar"
1270,400000,2.0,60.0,"Avenida Lomas De La Luz 860, Valpa..."
1271,310000,3.0,56.0,"Lago Huilipilún 1105, Viña Del Mar..."
1272,420000,1.0,32.0,"Camino Internacional 2030, Viña De..."
1273,500000,1.0,50.0,"Avenida Borgoño 24930, Concón, Chi..."
1274,350000,2.0,56.0,"Porvenir,villa Alemana, Huanhuali,..."
1275,410000,2.0,50.0,"Valparaiso, Cerro Placeres, Valpar..."
1276,300000,1.0,40.0,"Los Pinos, Valparaíso"
1278,420000,2.0,53.0,"Av. Lomas De La Luz 3995, Placilla..."
1279,380000,2.0,55.0,"Altamirano 2769, Valparaíso, Chile..."
1280,700000,3.0,95.0,"Marzo-diciembre, Amoblado, Sin Gas..."
1281,360000,1.0,25.0,"Jardín Del Mar, Reñaca, Viña Del M..."
1283,750000,2.0,67.0,"Quillota 376, Viña Del Mar, Valpar..."
1285,650000,2.0,70.0,"5 Poniente 1 - 300, Viña Del Mar, ..."
1286,450000,3.0,80.0,Viña Del Mar
1287,390000,1.0,37.0,"Rodimenia 300 - 600, Viña Del Mar,..."
1289,370000,3.0,50.0,"Los Tulipanes , 920, Reñaca Alto, ..."
1290,650000,1.0,60.0,"Av. Benidorm 585, Viña Del Mar, Ch..."
1292,600000,2.0,60.0,"Leonidas Valenzuela 1288, Cerro Pl..."
1293,550000,2.0,76.0,"Se Arrienda  2d 2b Reñaca Norte, R..."
1294,650000,2.0,60.0,"Avenida Bosques De Montemar, Concó..."
1295,620000,3.0,90.0,"Halimeda 375, Reñaca, Viña Del Mar"
1296,650000,1.0,60.0,"Av. Benidorm 585, Viña Del Mar, Ch..."
1298,600000,2.0,60.0,"Leonidas Valenzuela 1288, Cerro Pl..."
1299,550000,2.0,76.0,"Se Arrienda  2d 2b Reñaca Norte, R..."
1300,650000,2.0,60.0,"Avenida Bosques De Montemar, Concó..."
1301,620000,3.0,90.0,"Halimeda 375, Reñaca, Viña Del Mar"
1302,500000,3.0,70.0,"Lago Bertrand 120, Quilpué, Chile,..."
1303,605000,3.0,63.0,"Los Almendros De Reñaca, Reñaca, V..."
1304,415000,3.0,78.0,Antonio Aldunate Con Damiana Carre...
1305,670000,2.0,80.0,"José María Escrivá De Balaguer, Co..."
1306,680000,1.0,50.0,"Avenida Coraceros 50, Viña Del Mar..."
1307,800000,3.0,85.0,"Arenales 131, Concón, Chile, Costa..."
1311,350000,2.0,65.0,"Jorge Ross 753, Viña Del Mar, Chil..."
1312,650000,2.0,69.0,"Bosque De Montemar, Montemar, Conc..."
1313,580000,2.0,60.0,"Quillota 0300, Santa Inés, Viña De..."
1315,340000,1.0,48.0,"Irene Morales 512, Valparaíso, Chi..."
1316,400000,2.0,66.0,"Calle Cuarta, Esquina Condell Sur,..."
1317,430000,2.0,50.0,Arriendo Departamento Amoblado 2 D...
1318,400000,2.0,50.0,"Leonidas Valenzuela 1270, Departam..."
1319,420000,3.0,68.0,Avenida Lomas De La Luz 3600 - 390...
1320,440000,2.0,70.0,"Av. Valparaíso, Villa Alemana, Chi..."
1323,690000,2.0,60.0,"Costa De Montemar, Costas De Monte..."
1324,500000,2.0,78.0,"Antofagasta 185, 2.5404e+06 - 2.54..."
1325,550000,1.0,80.0,"Subida El Encanto 200, Reñaca, Viñ..."
1326,450000,2.0,60.0,"Francisco Sosa Cousiño 600 - 900, ..."
1328,900000,4.0,98.0,"Avenida San Martín 160, Viña Del M..."
1329,650000,3.0,65.0,"Álvarez 32, Viña Del Mar, Chile, A..."
1330,440000,3.0,70.0,Padre Hurtado-bosques De Agua Sant...
1332,650000,3.0,68.0,"Sendero Norte 55, Viña Del Mar, Ch..."
1333,580000,2.0,48.0,"Dunas De Montemar, Costas De Monte..."
1334,460000,1.0,1.0,"Viña Centro, Centro De Viña Del Ma..."
1335,270000,3.0,64.0,"Rodelillo, Valparaíso"
1336,270000,3.0,52.0,"Av. Nueva Hipodromo 1150, 2471470 ..."
1337,360000,3.0,65.0,"Chacabuco 960, Quillota, Chile, Ce..."
1338,540000,2.0,55.0,Viña Del Mar
1339,700000,3.0,70.0,"Viana & Villanelo, Viña Del Mar, C..."
1340,480000,3.0,59.0,"Cercano Agua Santa, Agua Santa, Vi..."
1341,550000,2.0,59.0,"Costas De Montemar, Concón, Costas..."
1343,400000,3.0,82.0,"Las 7 Hermanas 790, Viña Del Mar, ..."
1344,540000,2.0,55.0,Viña Del Mar
1345,700000,3.0,70.0,"Viana & Villanelo, Viña Del Mar, C..."
1346,480000,3.0,59.0,"Cercano Agua Santa, Agua Santa, Vi..."
1347,550000,2.0,59.0,"Costas De Montemar, Concón, Costas..."
1349,400000,3.0,82.0,"Las 7 Hermanas 790, Viña Del Mar, ..."
1350,580000,2.0,65.0,"Av. Manuel Antonio Matta 967, Valp..."
1354,600000,3.0,75.0,"Prolongación 5 Oriente, Viña Del M..."
1355,450000,3.0,70.0,"Río Aconcagua 140, Concón, Chile, ..."
1357,750000,2.0,94.0,"Montemar, Concón"
1358,685000,2.0,55.0,"Av. 7 Norte, Libertad, Viña Del Mar"
1359,600000,2.0,54.0,"Las Encinas, Concón, Chile, Los Ro..."
1360,710000,3.0,98.0,"Agua Santa 1 - 300, Viña Del Mar, ..."
1362,700000,2.0,55.0,"Entre 12 Y 13 Norte, Libertad, Viñ..."
1363,450000,3.0,68.0,"Lago Peñuela, Santa Julia, Viña De..."
1364,730000,2.0,70.0,"Diego Portales 300 - 600, Valparaí..."
1366,430000,1.0,36.0,"Reñaca, Viña Del Mar"
1367,380000,2.0,50.0,"Condominio Barrio Norte, Progreso ..."
1370,280000,3.0,60.0,"Cumming, Quilpué, Chile, President..."
1371,580000,2.0,58.0,"Las Pimpinelas 765, Concón, Chile,..."
1372,600000,3.0,75.0,"Calle Del Agua 1155, Viña Del Mar,..."
1374,300000,1.0,30.0,"Montoya 15, El Quisco, Chile, El Q..."
1377,650000,2.0,51.0,"Av Edmundo Eluchans 2400 - 2700, R..."
1378,260000,1.0,18.0,"Bremen 290, Viña Del Mar, Cerro Pl..."
1379,800000,3.0,90.0,"A Costa Brava, Concón, Chile, Cost..."
1383,495000,2.0,68.0,Arriendo Departamento Amplio En Vi...
1385,1400000,3.0,74.0,"Avenida Borgoño 19040, Concón, Chi..."
1386,460000,3.0,65.0,"Condell Sur, Quilpué, Chile, El Re..."
1388,600000,2.0,50.0,"Avenida Valparaíso 1327, Viña Del ..."
1389,300000,3.0,50.0,"Las Maravillas 201, Viña Del Mar, ..."
1390,6000,2.0,54.0,"Av. Costa De Montemar, Concón, Chi..."
1391,400000,2.0,60.0,"Padre Rene Pienovi 965, Viña Del M..."
1392,460000,3.0,65.0,"Condell Sur, Quilpué, Chile, El Re..."
1394,600000,2.0,50.0,"Avenida Valparaíso 1327, Viña Del ..."
1395,300000,3.0,50.0,"Las Maravillas 201, Viña Del Mar, ..."
1396,6000,2.0,54.0,"Av. Costa De Montemar, Concón, Chi..."
1397,400000,2.0,60.0,"Padre Rene Pienovi 965, Viña Del M..."
1398,550000,2.0,55.0,"Álvarez 1800 - 2100, Viña Del Mar,..."
1400,590000,2.0,60.0,"Central 58, 2540185 Viña Del Mar, ..."
1401,700000,3.0,76.0,"Avenida San Martín 972, Viña Del M..."
1402,450000,2.0,69.0,"Eduardo Titus 300 - 600, Viña Del ..."
1403,650000,2.0,90.0,"Pje. Siempreviva 1 - 300a, Concón,..."
1404,415000,2.0,56.0,"Troncal 5700 - 6000, Viña Del Mar,..."
1407,400000,3.0,80.0,"Castilla 124, Viña Del Mar, Chile,..."
1410,700000,2.0,65.0,"Cochoa, Reñaca, Viña Del Mar"
1411,790000,3.0,80.0,"Costa De Montemar Sn, Costas De Mo..."
1412,400000,1.0,35.0,"Álvarez 900 - 1200, Viña Del Mar, ..."
1413,370000,3.0,72.0,"Avenida Los Carrera & Lautaro, Qui..."
1415,600000,3.0,75.0,"Agua Santa 1400, 2581777 Valparaís..."
1417,450000,2.0,55.0,"Frente Santa Isabel Concon, Concón"
1418,550000,2.0,68.0,"Arenales 1 - 300, Concón, Chile, C..."
1419,800000,3.0,95.0,"Costas De Montemar, Concón"
1420,490000,1.0,45.0,"Mirador Norte 600 - 900, Concón, C..."
1421,500000,3.0,75.0,"Canal Beagle, Viña Del Mar"
1422,370000,3.0,58.0,"Las Acacias, Peñablanca, Peñablanc..."
1423,350000,3.0,54.0,Condominio Lomas De Rukán - Avenid...
1424,360000,2.0,60.0,"Placeres, Valparaíso, Chile, Cerro..."
1426,600000,2.0,72.0,"Litorina 210, Reñaca, Viña Del Mar"
1427,630000,2.0,56.0,"Arenales 196, Concón, Chile, Costa..."
1428,580000,2.0,64.0,"Av Reñaca, Concón, Valparaíso, Chi..."
1429,370000,3.0,60.0,"Irma Johnson Molina 1 - 300, Quilp..."
1430,800000,3.0,80.0,"Los Lilenes, Concón, Chile, Higuer..."
1431,360000,2.0,45.0,Avda Cardenal Samore/curauma/valpa...
1432,250000,2.0,42.0,"Lago Las Torres 1 - 300, Quilpué, ..."
1433,790000,3.0,82.0,"Escriva De Balaguer, Montemar, Con..."
1435,650000,2.0,70.0,"Rtda Avda Los Sargazos, Viña Del M..."
1436,450000,3.0,79.0,"Avenida Cardenal Samoré 1246, Plac..."
1437,400000,2.0,42.0,"Frankfurt 1134, Valparaíso, Chile,..."
1438,500000,2.0,60.0,"Atlántico 3900 - 4200, Valparaíso,..."
1441,650000,2.0,70.0,"Rtda Avda Los Sargazos, Viña Del M..."
1442,450000,3.0,79.0,"Avenida Cardenal Samoré 1246, Plac..."
1443,400000,2.0,42.0,"Frankfurt 1134, Valparaíso, Chile,..."
1444,500000,2.0,60.0,"Atlántico 3900 - 4200, Valparaíso,..."
1446,340000,2.0,41.0,"Pasaje Porvenir 1211, Marga Marga,..."
1448,570000,2.0,57.0,Arriendo Departamento A Pasos Metr...
1449,1200000,3.0,90.0,"Avenida Blanca Estela 900 - 1200, ..."
1450,420000,1.0,38.0,"Los Romeros - Los Manantiales, Con..."
1451,870000,3.0,80.0,"Av Edmundo Eluchans 2700 - 3000, V..."
1453,420000,2.0,60.0,"Eleuterio Ramírez 1199, Quilpué, C..."
1455,350000,2.0,70.0,"Calle Heraldo Orrego 3201, Quilpué..."
1457,1200000,3.0,92.0,"Av. Borgoño 19200, Concón, Chile, ..."
1459,420000,2.0,50.0,"Portal Santo Domingo, San Antonio"
1460,700000,3.0,90.0,"Avenida Parque Norte 400, Algarrob..."
1462,430000,1.0,37.0,"Isla Picton Parque Mirador 3, Cana..."
1463,400000,2.0,42.0,"Cerro Placeres, Cerro Placeres, Va..."
1464,430000,3.0,64.0,"Frente Colegio Villa Monte, Agua S..."
1465,550000,2.0,55.0,"Viana 1635, Viña Del Mar, Chile, V..."
1467,400000,1.0,30.0,"Reñaca Norte, Concón, Chile, Reñac..."
1468,590000,1.0,56.0,"Reñaca Norte, Concón, Chile, Reñac..."
1469,370000,1.0,40.0,(kuc11534) Mirador Placeres Amobla...
1470,460000,3.0,60.0,"Pje. Uno 15, Viña Del Mar, Valpara..."
1471,4550,3.0,90.0,"Los Sargazos 1515, Viña Del Mar, C..."
1472,580000,3.0,77.0,"Montemar, Concón"
1473,600000,3.0,75.0,"Reñaca, Viña Del Mar"
1474,468000,3.0,60.0,"Mirasol, Mirasol, Algarrobo"
1475,700000,2.0,68.0,Avenida Borgoño Viña Del Mar 25400...
1476,230000,2.0,45.0,"Cumming 1770, 2430000 Quilpué, Val..."
1477,370000,3.0,59.0,"Borinquén, Viña Del Mar"
1478,280000,2.0,65.0,"Calle Las Lomas, Quilpué, Chile, Q..."
1479,550000,2.0,65.0,"P. Mackenna, 0, Forestal, Viña Del..."
1480,720000,3.0,95.0,"Bosques De Montemar, Reñaca, Viña ..."
1481,500000,2.0,70.0,"Cuarta  Sn, Frodden, Quilpué"
1482,850000,3.0,84.0,"Avenida Edmundo Eluchans 2805, Viñ..."
1483,1200000,3.0,95.0,"Avenida Edmundo Eluchans 2255, Viñ..."
1486,1000000,2.0,76.0,"Entrelomas 1 - 300, Concón, Chile,..."
1487,500000,1.0,35.0,"Calle Arenales, Concon., Costas De..."
1488,850000,3.0,84.0,"Avenida Edmundo Eluchans 2805, Viñ..."
1489,1200000,3.0,95.0,"Avenida Edmundo Eluchans 2255, Viñ..."
1492,1000000,2.0,76.0,"Entrelomas 1 - 300, Concón, Chile,..."
1493,500000,1.0,35.0,"Calle Arenales, Concon., Costas De..."
1494,640000,2.0,60.0,"Entrelomas 600, Concón, Chile, Cos..."
1496,800000,2.0,80.0,"Arenales 535, Concón, Chile, Costa..."
1497,580000,2.0,64.0,"Vía Halímeda 1500 - 1800, Viña Del..."
1498,640000,2.0,61.0,"Liquidambar 491, Concón, Chile, Mo..."
1499,420000,1.0,35.0,"Amoblado | Comodidad | Recreo, Rec..."
1500,530000,2.0,65.0,"Las Pimpinelas 600 - 900, Concón, ..."
1501,620000,3.0,78.0,"Avenida Jardines De Reñaca, Viña D..."
1503,295000,3.0,56.0,"Mirador De Reñaca, Reñaca Alto, Vi..."
1507,1000000,2.0,84.0,"Avenida Edmundo Eluchans, Viña Del..."
1508,370000,1.0,35.0,"Se Arrienda Departamento Amoblado,..."
1509,495000,3.0,75.0,"Camino Del Sol, Quilpué, Marga Mar..."
1510,870000,3.0,80.0,"Av. Costa De Montemar 1 - 300, Val..."
1511,345000,3.0,50.0,"Concon, Montemar, Concón"
1512,390000,1.0,40.0,"Atlántico 4004, Viña Del Mar, Chil..."
1513,540000,2.0,67.0,Centrico | Comodidad | Viña Del Ma...
1514,650000,3.0,62.0,"Ibsen 235, Valparaíso, Chile, Valp..."
1515,700000,3.0,1.0,"Calle Viana, Centro De Viña Del Ma..."
1516,750000,3.0,77.0,"Puyai, Punta Puyai, Papudo"
1518,650000,2.0,45.0,Arriendo Dpto Hermosa Vista Al Mar...
1519,850000,3.0,79.0,"Reñaca, Viña Del Mar"
1520,670000,2.0,68.0,"Costas De Montemar, Concón"
1521,370000,2.0,43.0,"Frankfurt, Valparaíso, Chile, Valp..."
1522,530000,2.0,40.0,"Plaza Santa Inés, Santa Inés, Viña..."
1526,600000,2.0,54.0,"Av. Costa De Montemar 112, 2520000..."
1527,425000,2.0,54.0,"Diego Portales 18, Quillota, Chile..."
1528,800000,3.0,75.0,"Costa De Montenar, Costas De Monte..."
1529,580000,2.0,64.0,"Sendero Norte 115, Viña Del Mar, C..."
1531,750000,3.0,85.0,"Avenida Jardines De Reñaca 50, Viñ..."
1532,360000,2.0,44.0,"Castilla-gómez Carreño, Viña Del M..."
1533,430000,1.0,36.0,"Las Pimpinelas 1164, Concón, Chile..."
1535,675000,3.0,76.0,"Avenida Manantiales 1325, Concón, ..."
1537,750000,3.0,85.0,"Avenida Jardines De Reñaca 50, Viñ..."
1538,360000,2.0,44.0,"Castilla-gómez Carreño, Viña Del M..."
1539,430000,1.0,36.0,"Las Pimpinelas 1164, Concón, Chile..."
1541,675000,3.0,76.0,"Avenida Manantiales 1325, Concón, ..."
1542,290000,3.0,50.0,"Pasaje Quillagua & Parinacota, Qui..."
1543,550000,1.0,33.0,"Reñaca Norte 1 - 300, Concón, Viña..."
1545,550000,2.0,60.0,"Avenida Borgoño 20500, Concón, Chi..."
1546,550000,3.0,75.0,"Liagora 420, Viña Del Mar, Chile, ..."
1547,350000,1.0,45.0,"Leonidas Valenzuela, Valparaíso, C..."
1548,450000,3.0,74.0,Avenida Santa Teresa De Los Andes ...
1549,650000,2.0,80.0,"Arenales 535, Concón, Chile, Costa..."
1550,850000,2.0,85.0,"Avenida Cornisa 500, Concón, Chile..."
1552,420000,1.0,42.0,"Costa Montemar, Costas De Montemar..."
1553,610000,3.0,70.0,"Santa Inés, Viña Del Mar"
1554,330000,2.0,40.0,"Lago Las Torres 60, Quilpué, Chile..."
1555,570000,2.0,60.0,"Departamento 804, Costas De Montem..."
1556,690000,2.0,70.0,"Pedro Mackena 700 Viña Del Mar, Fo..."
1557,660000,2.0,47.0,"Reñaca, Viña Del Mar"
1558,650000,3.0,70.0,"Pte Casino/von Schroeder, Centro D..."
1559,480000,2.0,70.0,"Gregorio Marañon 275, Viña Del Mar..."
1560,900000,3.0,75.0,"Av Reñaca, Concón, Valparaíso, Chi..."
1561,400000,3.0,48.0,"Los Aromos 1345, Villa Alemana, Ch..."
1562,650000,2.0,74.0,"Las Pimpinelas 600 - 900, Concón, ..."
1563,335000,3.0,47.0,"Lago Las Torres, Quilpué., Los Pin..."
1564,500000,1.0,55.0,"Diego Portales 449, Valparaíso, Ch..."
1565,300000,1.0,48.0,"Hanga Roa 1 - 300, Valparaíso, Chi..."
1567,600000,2.0,65.0,"Calle Del Sol 85, Concón, Chile, C..."
1568,300000,2.0,50.0,"Mirador De Reñaca-viña Del Mar, Re..."
1569,350000,3.0,45.0,"Los Andes, Chile, Centro De Los An..."
1570,800000,3.0,1.0,"Reñaca, Viña Del Mar"
1571,420000,2.0,60.0,"Avenida Playa Ancha 925, Valparaís..."
1572,450000,3.0,62.0,"Lomas Del Bosque 185, Valparaíso, ..."
1574,950000,3.0,95.0,"Entrelomas 50, Concón, Chile, Cost..."
1575,400000,2.0,50.0,"Los Ingleses, Valparaíso"
1576,600000,4.0,77.0,"Cerro Barón, Cerro Larraín - Polan..."
1578,600000,2.0,50.0,"Av Edmundo Eluchans 1800 - 2100, V..."
1579,500000,3.0,60.0,"Avenida Lomas De La Luz, Condomini..."
1581,600000,2.0,55.0,"Viña Centro, Centro De Viña Del Ma..."
1583,800000,3.0,75.0,"Edmundo Eluchans, Reñaca, Viña Del..."
1584,600000,2.0,50.0,"Av Edmundo Eluchans 1800 - 2100, V..."
1585,500000,3.0,60.0,"Avenida Lomas De La Luz, Condomini..."
1587,600000,2.0,55.0,"Viña Centro, Centro De Viña Del Ma..."
1589,800000,3.0,75.0,"Edmundo Eluchans, Reñaca, Viña Del..."
1590,390000,2.0,43.0,"Se Arrienda Departamento Amoblado,..."
1591,630000,2.0,53.0,"Av Reñaca, Concón, Valparaíso, Chi..."
1592,390000,1.0,45.0,"San Guillermo  941, Cerro Placeres..."
1594,435000,2.0,56.0,"Hermanos Clark 300 - 600, Los Ande..."
1596,750000,3.0,85.0,"Los Pellines 900 - 1200, Concón, C..."
1597,450000,1.0,38.0,Departamento Amoblado/reñaca/gto C...
1598,350000,3.0,61.0,"Navio San Martín , Valparaíso (cvd..."
1599,700000,2.0,60.0,"Avenida Cornisa 900, Concón, Chile..."
1600,500000,2.0,57.0,"Eleuterio Ramírez 1147, Quilpué, C..."
1601,400000,3.0,61.0,"Lomas De Limache, Limache, Limache..."
1602,650000,3.0,65.0,"A Pasos Del Metro, Centro De Viña ..."
1603,390000,3.0,58.0,"Parque Los Ingleses Valparaiso, Va..."
1604,600000,2.0,60.0,Arriendo Depto. 2 Dorm - 2 Baños -...
1605,560000,1.0,45.0,"Las Golondrinas 1500 - 1800, Viña ..."
1606,330000,3.0,60.0,"Centro De Quillota, Quillota"
1607,580000,2.0,62.0,"Costas De Montemar, Concón"
1608,380000,3.0,56.0,"San Felipe, Chile, Centro De San F..."
1609,750000,4.0,90.0,Concón
1610,450000,2.0,69.0,"Eduardo Titus 300 - 600, Viña Del ..."
1613,850000,3.0,88.0,"Costa De Montemar, Costas De Monte..."
1614,380000,2.0,40.0,Camino Los Ingleses Cerro Delicias...
1615,650000,2.0,52.0,"Av San Fernando, Montemar, Concón"
1616,600000,2.0,55.0,"Subida El Encanto, Viña Del Mar, C..."
1617,680000,2.0,65.0,"Calle Del Sol 1 - 300, Concón, Chi..."
1618,700000,2.0,77.0,"General Bulnes, Viña Del Mar, Chil..."
1619,620000,2.0,50.0,Avenida Edmundo Eluchans 1800 - 21...
1622,900000,3.0,90.0,"Vergara 100, Concón, Chile, Los Ro..."
1623,620000,2.0,49.0,"Diecinueve De Junio 1571, Viña Del..."
1624,460000,3.0,60.0,"Eduardo Titus 300 - 600, Viña Del ..."
1625,390000,3.0,63.0,"Av. Los Carrera 01718, 2420731 Qui..."
1626,430000,2.0,56.0,"Jardines De Paso Hondo 2330, Quilp..."
1629,360000,1.0,32.0,"Morris 776, Valparaíso, Chile, Cer..."
1630,600000,3.0,84.0,"El Retiro - Zoológico, Quilpué"
1631,640000,2.0,56.0,Excelente  Linda Vista  - Costa De...
1632,430000,2.0,56.0,"Jardines De Paso Hondo 2330, Quilp..."
1635,360000,1.0,32.0,"Morris 776, Valparaíso, Chile, Cer..."
1636,600000,3.0,84.0,"El Retiro - Zoológico, Quilpué"
1637,640000,2.0,56.0,Excelente  Linda Vista  - Costa De...
1638,390000,1.0,40.0,"Mariana De Osorio 2250, 2330540 Ma..."
1639,800000,2.0,90.0,"Av. Costa De Montemar 300 - 600, C..."
1640,750000,2.0,63.0,"Arenales, Concón, Chile, Costas De..."
1641,520000,3.0,72.0,"Plaza Conquista, Cerro Placeres, V..."
1642,430000,3.0,73.0,"Curauma, Curauma, Valparaíso"
1644,1200000,3.0,75.0,"Av. Borgoño 19040, Concón, Valpara..."
1645,350000,2.0,47.0,"Navío San Martín, Condominio Vista..."
1646,600000,2.0,74.0,"Costa De Montemar, Costas De Monte..."
1647,550000,2.0,61.0,Arriendo Año Corrido Depto 2d-2b C...
1648,600000,3.0,85.0,"Agua Santa, Viña Del Mar, Agua San..."
1649,650000,3.0,80.0,Arriendo Departamento Amoblado En ...
1650,600000,1.0,80.0,Loft 1d2b  2 Pisos Reñaca Norte / ...
1651,600000,2.0,45.0,"Costas De Montemar, Concón"
1654,500000,3.0,85.0,Amplio Depto A Pasos Pucv Casa Cen...
1655,280000,1.0,18.0,"Arriendo Dpto Estudio !! $280.000,..."
1656,330000,3.0,60.0,"Reñaca Alto, Viña Del Mar"
1657,565000,2.0,52.0,"Costa De Montemar, Costas De Monte..."
1658,1200000,2.0,89.0,"5 - 1/2 Poniente 151, Valparaíso, ..."
1659,745000,2.0,92.0,"Avenida Edmundo Eluchans 2105, Viñ..."
1661,600000,1.0,50.0,"Avenida Costa De Montemar, Concón,..."
1662,850000,3.0,69.0,"Entrelomas 110, Concón, Chile, Cos..."
1663,550000,1.0,34.0,"Reñaca Norte, Reñaca, Viña Del Mar"
1664,300000,1.0,24.0,"Las Brisas Algarrobinas, Centro De..."
1665,590000,2.0,72.0,"Las Pimpinelas 765, Concón, Chile,..."
1667,660000,2.0,63.0,"Costa De Montemar, Costas De Monte..."
1668,870000,2.0,58.0,"Costas De Montemar, Concón"
1670,390000,2.0,40.0,"Chirimoyo, Valparaíso, Chile, Cerr..."
1671,400000,2.0,66.0,"Cuarta 600 - 900, Quilpué, Chile, ..."
1672,650000,4.0,95.0,"Mantagua, Concón, Chile, Higuerill..."
1674,530000,3.0,75.0,"Los Pinos 937, Valparaíso, Chile, ..."
1675,220000,3.0,15.0,"Av. Del Mar 4200 - 4500, Puchuncav..."
1676,650000,2.0,58.0,"Arlegui, Centro De Viña Del Mar, V..."
1678,630000,2.0,53.0,"Las Cinerarias 300 - 600, Viña Del..."
1680,530000,3.0,75.0,"Los Pinos 937, Valparaíso, Chile, ..."
1681,220000,3.0,15.0,"Av. Del Mar 4200 - 4500, Puchuncav..."
1682,650000,2.0,58.0,"Arlegui, Centro De Viña Del Mar, V..."
1684,630000,2.0,53.0,"Las Cinerarias 300 - 600, Viña Del..."
1686,520000,2.0,45.0,"Costas De Montemar, Costas De Mont..."
1687,360000,2.0,60.0,"Almirante Riveros 218, Valparaíso,..."
1688,850000,2.0,82.0,Exclusivo Dúplex  2d + 2b + 2e + 2...
1690,430000,1.0,40.0,"Costa De Montemar 394, Costas De M..."
1691,660000,3.0,65.0,"Cerro Placeres, Valparaíso"
1692,490000,1.0,47.0,"Avenida Costa De Montemar 1 - 300,..."
1693,530000,3.0,70.0,"Cerró Las Delicias, Valparaíso"
1694,650000,2.0,91.0,"Las Pelargonias, Concón, Chile, Mo..."
1695,500000,1.0,45.0,"Calle Central, Concón, Chile, Conc..."
1696,350000,2.0,50.0,"Carlos Condell 478, Villa Alemana,..."
1698,900000,3.0,75.0,"Reñaca Norte 1 - 300, Concón, Viña..."
1700,1200000,3.0,90.0,"14 Norte Sn, Libertad, Viña Del Mar"
1701,300000,2.0,55.0,"Estero Maitenlague 931, Reñaca Alt..."
1702,460000,1.0,47.0,"Con Con, Valparaíso, Chile, Valpar..."
1703,650000,3.0,70.0,"Av. La Marina, Centro De Viña Del ..."
1704,640000,2.0,61.0,"Los Liquidambar 400, Concón, Chile..."
1705,720000,2.0,94.0,Avenida Edmundo Eluchans 1800 - 21...
1706,270000,1.0,32.0,"Avenida Valparaíso 3000, Villa Ale..."
1707,360000,2.0,63.0,"Epsilon 1500 - 1800, Quilpué, Chil..."
1708,500000,2.0,56.0,"Camino Troncal 2300, Villa Alemana..."
1709,500000,2.0,70.0,"Entrelomas 300 - 600, Concón, Chil..."
1710,710000,3.0,90.0,"Diego Portales, Agua Santa, Viña D..."
1711,500000,3.0,4.0,"Marga Marga, Los Pinos, Quilpué"
1712,390000,3.0,65.0,"Williamson 300 - 600, Villa Aleman..."
1713,720000,3.0,75.0,"Von Schroeders Pasado Alvares, Agu..."
1714,370000,3.0,55.0,"Navío San Martín 300 - 600, Valpar..."
1715,500000,3.0,65.0,"Canal Beagle, Viña Del Mar"
1716,580000,1.0,50.0,"Reñaca, Viña Del Mar"
1717,195000,3.0,98.0,"Hotel Marbella Resort, Centro De P..."
1719,690000,2.0,54.0,"Avenida Concón Reñaca 4357, Concón..."
1721,780000,2.0,90.0,"Av Edmundo Eluchans, Viña Del Mar,..."
1722,600000,2.0,56.0,"Av. Cornisa 600 - 900, Concón, Chi..."
1723,670000,2.0,49.0,"Entrelomas, Concón, Chile, Costas ..."
1724,285000,2.0,52.0,"Calle Mozart 2400 - 2700, Villa Al..."
1725,498700,2.0,60.0,"Arriendo Bonito Depto En Horcón, P..."
1726,420000,3.0,1.0,"A-407 - Lago Bertrand, Quilpue, Lo..."
1727,600000,2.0,60.0,"Arenales 196, Costas De Montemar, ..."
1728,600000,2.0,56.0,"Av. Cornisa 600 - 900, Concón, Chi..."
1729,670000,2.0,49.0,"Entrelomas, Concón, Chile, Costas ..."
1730,285000,2.0,52.0,"Calle Mozart 2400 - 2700, Villa Al..."
1731,498700,2.0,60.0,"Arriendo Bonito Depto En Horcón, P..."
1732,420000,3.0,1.0,"A-407 - Lago Bertrand, Quilpue, Lo..."
1733,600000,2.0,60.0,"Arenales 196, Costas De Montemar, ..."
1734,550000,2.0,50.0,"Av. Rio Aconcagua 1 - 300, Concón,..."
1735,410000,1.0,28.0,"Montemar, Concón"
1738,360000,1.0,45.0,"Doce De Febrero, Viña Del Mar, Chi..."
1739,640000,2.0,72.0,"Avenida Costa De Montemar, Costas ..."
1740,630000,2.0,60.0,"Arenales 196, Concón, Valparaíso, ..."
1741,360000,2.0,43.0,"Lago Las Torres 228, Quilpué, Chil..."
1743,450000,3.0,80.0,Canal Kirke Cercano Universidad Sa...
1744,580000,2.0,64.0,"Av Reñaca, Concón, Valparaíso, Chi..."
1745,480000,3.0,72.0,"Isla Picton 1 - 300, Viña Del Mar,..."
1746,650000,2.0,67.0,"Costas De Montemar, Concón"
1747,750000,3.0,85.0,"Avenida Francisco Soza Cousiño, Co..."
1748,320000,2.0,51.0,"Pasaje Porvenir 1255, Villa Aleman..."
1749,500000,2.0,69.0,Santa Inés Cercano A Avda Alessand...
1750,550000,3.0,90.0,Departamento 3 Dormitorios Amoblad...
1751,630000,2.0,68.0,"Arenales 156, Concón, Chile, Costa..."
1752,600000,2.0,55.0,"Edmundo Eluchans, Reñaca, Viña Del..."
1753,500000,2.0,55.0,"Gomez Carreño, Gómez Carreño, Viña..."
1755,550000,3.0,75.0,"Parque Mantagua, Quintero, Chile, ..."
1757,580000,2.0,30.0,"Reñaca Norte, Concón, Chile, Reñac..."
1758,650000,2.0,51.0,"Las Cinerarias 300 - 600, Viña Del..."
1759,570000,2.0,72.0,"Vicuña Mackenna 300 - 600, Viña De..."
1760,550000,3.0,85.0,"Padre René Pienoví, Recreo, Viña D..."
1762,680000,2.0,80.0,"Edmundo Eluchans  1500, Reñaca, Vi..."
1763,350000,2.0,50.0,"Limache Viejo, Limache"
1765,480000,1.0,36.0,"2 Poniente 1 - 300, Viña Del Mar, ..."
1766,390000,2.0,65.0,"Los Pinos 900 - 1200, Valparaíso, ..."
1768,450000,2.0,50.0,"Pelle 80, Valparaíso, Chile, Cerro..."
1769,490000,1.0,42.0,"Costa Montemar, Costas De Montemar..."
1770,500000,2.0,70.0,"Jardín Del Mar, Viña Del Mar"
1771,630000,2.0,75.0,Avenida Edmundo Eluchans 1800 - 21...
1772,680000,2.0,65.0,"Calle Del Sol 1 - 300, Concón, Chi..."
1774,480000,2.0,48.0,Arriendo Dpto Cerro Placeres Cerca...
1775,400000,1.0,32.0,Viña Del Mar
1776,500000,2.0,70.0,"Jardín Del Mar, Viña Del Mar"
1777,630000,2.0,75.0,Avenida Edmundo Eluchans 1800 - 21...
1778,680000,2.0,65.0,"Calle Del Sol 1 - 300, Concón, Chi..."
1780,480000,2.0,48.0,Arriendo Dpto Cerro Placeres Cerca...
1781,400000,1.0,32.0,Viña Del Mar
1782,520000,2.0,55.0,"Altamirano 2769, Valparaíso, Chile..."
1784,400000,2.0,53.0,"Diego Portales, Quillota, Chile, L..."
1785,450000,3.0,74.0,Avenida Santa Teresa De Los Andes ...
1787,400000,3.0,65.0,"Chacabuco 960, Centro De Quillota,..."
1788,450000,1.0,40.0,"Costas De Montemar, Concón"
1789,700000,2.0,68.0,"Avenida Cornisa 608, Concón, Chile..."
1790,500000,2.0,67.0,"Los Andes, Chile, Centro De Los An..."
1791,570000,2.0,58.0,"Edificio Medano - Los Prunos 400, ..."
1792,370000,3.0,77.0,"Las Palmas, Villa Alemana"
1793,758000,2.0,71.0,"Uno Poniente 1199, Viña Del Mar, C..."
1794,370000,2.0,50.0,"Lago Las Torres 29, Quilpué, Chile..."
1795,390000,2.0,48.0,"Camino Troncal 2300, Villa Alemana..."
1796,700000,2.0,77.0,"Edmundo Eluchans 1800 - 2100, Viña..."
1799,400000,1.0,36.0,"C. Isla De Pascua 317, 2340000 Val..."
1801,580000,3.0,80.0,"Edwin Guajardo Sn, Centro De Quilp..."
1802,400000,2.0,56.0,"Navío San Martín 345, Valparaíso, ..."
1803,650000,2.0,65.0,"Escrivá De Balaguer, Montemar, Con..."
1805,400000,2.0,61.0,"Penablanca, Villa Alemana, Chile, ..."
1807,380000,2.0,58.0,"Navío San Martín, Valparaíso, Chil..."
1808,670000,2.0,68.0,"Costas De Montemar, Concón"
1809,390000,2.0,50.0,"Camino Troncal 2300, Villa Alemana..."
1810,900000,3.0,94.0,"Los Prunos, Concón, Chile, Montema..."
1811,435000,2.0,1.0,"Cerro Placeres, Cerro Placeres, Va..."
1812,350000,3.0,50.0,Arriendo Departamento 3 Dormitorio...
1813,600000,2.0,65.0,"La Luna, Costas De Montemar, Concón"
1814,360000,2.0,42.0,"Ibsen 1 - 300, Valparaíso, Chile, ..."
1816,400000,2.0,45.0,"Navio San Martín, Valparaíso"
1817,300000,2.0,55.0,Arriendo Departamento Las Americas...
1818,450000,3.0,64.0,"Avenida Lomas De La Luz 3878, Valp..."
1819,1200000,4.0,1.0,"Calle Álvarez, Quinta Vergara, Viñ..."
1821,370000,1.0,31.0,"Los Carreras 990, Quilpué, Chile, ..."
1822,450000,1.0,45.0,"Cerro Placeres, Valparaíso"
1824,450000,3.0,64.0,"Avenida Lomas De La Luz 3878, Valp..."
1825,1200000,4.0,1.0,"Calle Álvarez, Quinta Vergara, Viñ..."
1827,370000,1.0,31.0,"Los Carreras 990, Quilpué, Chile, ..."
1828,450000,1.0,45.0,"Cerro Placeres, Valparaíso"
1830,630000,2.0,60.0,"C. Vianna 289, Valparaíso, Viña De..."
1831,500000,1.0,40.0,"Avenida Costa De Montemar 200, Con..."
1832,600000,3.0,72.0,"Maroto 1440, Concón, Chile, La Boc..."
1833,390000,3.0,65.0,"Departamnto Arriendo Quillota, Cen..."
1834,700000,3.0,85.0,"Avenida Los Arenales  800- 1.200, ..."
1835,550000,3.0,75.0,"Parque Mantagua, Quintero, Chile, ..."
1837,430000,1.0,34.0,"Viana 1200 - 1500, Viña Del Mar, C..."
1838,650000,3.0,1.0,"Etchevers Alto, Quinta Vergara, Vi..."
1839,430000,1.0,34.0,"Liquidambar 400 - 500, Montemar, C..."
1840,500000,3.0,62.0,"Canal Kirke, Canal Beagle, Viña De..."
1841,590000,2.0,57.0,"Costas De Montemar, Concón"
1843,350000,2.0,60.0,"Beaucheff 199. Barrio O!higgins, A..."
1844,800000,3.0,60.0,Viña Del Mar
1845,700000,2.0,55.0,"Reñaca Norte, Reñaca, Viña Del Mar"
1847,630000,2.0,65.0,"Costas De Montemar, Concón"
1848,375000,1.0,45.0,"Avenida El Granizo 7301, Granizo, ..."
1849,400000,1.0,46.0,"Los Romeros, Concon, Los Romeros -..."
1850,390000,3.0,65.0,"San Francisco De Limache, Limache"
1851,550000,3.0,90.0,Viña Del Mar
1852,450000,3.0,67.0,Renta Depto Parque Los Ingleses - ...
1853,500000,3.0,78.0,"Sector Parque Los Ingleses, Valpar..."
1854,400000,3.0,60.0,"Marga Marga, Los Pinos, Quilpué"
1855,550000,3.0,80.0,"Condominio Cumbres De Peñablanca, ..."
1856,340000,2.0,50.0,Los Almendros 2915 Depto 44 Quilpu...
1857,500000,2.0,56.0,"Hermanos Clark 300 - 600, Los Ande..."
1859,800000,2.0,90.0,"Av. Costa De Montemar 300 - 600, C..."
1860,550000,2.0,50.0,"Liquidambar 400 - 500, Montemar, C..."
1861,900000,3.0,90.0,"Vergara 1 - 300, Concón, Chile, Lo..."
1862,500000,2.0,75.0,"Av. Brasil, Almendral, Valparaíso"
1863,480000,3.0,61.0,"Gregorio Marañón, Viña Del Mar, Vi..."
1864,480000,3.0,3.0,"Avenida Borde Laguna, Placilla, Va..."
1865,1300000,2.0,75.0,"Cerro Castillo, Viña Del Mar"
1866,650000,3.0,75.0,"Condominio Laguna Vista, Centro De..."
1869,600000,2.0,50.0,"Av Reñaca, Concón, Valparaíso, Chi..."
1870,500000,2.0,65.0,"Avenida Armando Celis 1525, El Tab..."
1871,570000,2.0,84.0,"Higuerillas, Higuerillas, Concón"
1872,650000,3.0,75.0,"Condominio Laguna Vista, Centro De..."
1875,600000,2.0,50.0,"Av Reñaca, Concón, Valparaíso, Chi..."
1876,500000,2.0,65.0,"Avenida Armando Celis 1525, El Tab..."
1877,570000,2.0,84.0,"Higuerillas, Higuerillas, Concón"
1878,270000,1.0,27.0,"Av. Valparaíso 2550, Villa Alemana..."
1879,700000,3.0,75.0,"Sector Agua Santa Calle Sol Y Mar,..."
1881,420000,2.0,65.0,"Se Arrienda Departamento, Valparaí..."
1883,420000,2.0,57.0,"Club De Campo Elías Figueroa, Valp..."
1884,520000,2.0,56.0,Acceso A Camino Internacional 2030...
1886,800000,3.0,80.0,"Avenida Borgoño 20500, Concón, Chi..."
1887,470000,3.0,62.0,"Glaciar Grey/ Glaciar Soler, Los P..."
1888,900000,2.0,55.0,"Entrelomas 600 - 900, Concón, Chil..."
1890,950000,3.0,75.0,"Arenales 156, Concón, Chile, Costa..."
1891,480000,3.0,73.0,Espacio | Tranquilidad | Bosque In...
1892,450000,3.0,60.0,"Curauma, Placilla, Valparaíso, Chi..."
1893,1000000,3.0,85.0,"Costa De Montemar / Concón,, Costa..."
1896,370000,3.0,62.0,"Chacabuco, 960, Centro De Quillota..."
1897,850000,3.0,91.0,"Costa De Montemar, Costas De Monte..."
1898,470000,3.0,65.0,Crisol Arrienda Depto Cerca Congre...
1899,380000,3.0,56.0,"San Felipe, Chile, Centro De San F..."
1900,530000,2.0,59.0,Departamento De 2 Dormitorios En C...
1901,500000,3.0,72.0,"Urmeneta  1107, San Francisco De L..."
1902,590000,2.0,51.0,Exclusivo Departamento En Arriendo...
1904,750000,2.0,80.0,José María Escrivá De Balaguer 600...
1906,380000,2.0,55.0,"Martin Rivas 3401, Villa Alemana, ..."
1907,800000,3.0,80.0,Arriendo 3d2b Amoblado Vista Al Ma...
1909,620000,2.0,57.0,"Costas De Montemar, Concón"
1910,550000,2.0,50.0,"Playa Los Lilenes, Higuerillas, Co..."
1911,520000,3.0,70.0,"Cam. Del Sol 2300, Quilpué, Valpar..."
1912,450000,3.0,67.0,"Jorge Kenrick 35, Valparaíso, Chil..."
1913,460000,3.0,75.0,Arriendo Departamento Nuevo Alto M...
1914,490000,1.0,35.0,Avda Sta Teresa Con Avda Chacabuco...
1915,380000,2.0,7.0,"Martin Rivas 3401, Villa Alemana, ..."
1916,900000,3.0,82.0,"Los Prunos 400, 2511042 Concón, Va..."
1917,490000,3.0,90.0,"21 De Mayo, Viña Del Mar"
1918,400000,3.0,54.0,"Los Pinos, Quilpué"
